years_before_now,co2,years_before_now_seas_adj,co2_seas_adj,years_before_now_fit,co2_fit,years_before_now_seas_adj_fit,co2_seas_adj_fit
0.00344082562469339,419.88,0.00344082562469339,419.88,0.00344082562469339,419.88,0.00344082562469339,419.88
0.00618055165205078,420.34,0.00618055165205078,420.34,0.00618055165205078,420.34,0.00618055165205078,420.34
0.00892027767940817,420.42,0.00892027767940817,420.42,0.00892027767940817,420.42,0.00892027767940817,420.42
0.0116600037067656,420.07,0.0116600037067656,420.07,0.0116600037067656,420.07,0.0116600037067656,420.07
0.014399729734123,420.03,0.014399729734123,420.03,0.014399729734123,420.03,0.014399729734123,420.03
0.0171394557614803,419.64,0.0171394557614803,419.64,0.0171394557614803,419.64,0.0171394557614803,419.64
0.0198791817890651,419.85,0.0198791817890651,419.85,0.0198791817890651,419.85,0.0198791817890651,419.85
0.0226189078164225,419.75,0.0226189078164225,419.75,0.0226189078164225,419.75,0.0226189078164225,419.75
0.0253586338437799,420.31,0.0253586338437799,420.31,0.0253586338437799,420.31,0.0253586338437799,420.31
0.0280983598711373,419.51,0.0280983598711373,419.51,0.0280983598711373,419.51,0.0280983598711373,419.51
0.029468222884816,419,0.029468222884816,419,0.029468222884816,419,0.029468222884816,419
0.0308380858984947,417.88,0.0308380858984947,417.88,0.0308380858984947,417.88,0.0308380858984947,417.88
0.0335778119260794,417.88,0.0335778119260794,417.88,0.0335778119260794,417.88,0.0335778119260794,417.88
0.0363175379534368,417.84,0.0363175379534368,417.84,0.0363175379534368,417.84,0.0363175379534368,417.84
0.0390572639807942,417.74,0.0390572639807942,417.74,0.0390572639807942,417.74,0.0390572639807942,417.74
0.0417969900081516,417.77,0.0417969900081516,417.77,0.0417969900081516,417.77,0.0417969900081516,417.77
0.044536716035509,417.76,0.044536716035509,417.76,0.044536716035509,417.76,0.044536716035509,417.76
0.0472764420628664,417.86,0.0472764420628664,417.86,0.0472764420628664,417.86,0.0472764420628664,417.86
0.0486463050765451,417.95,0.0486463050765451,417.95,0.0486463050765451,417.95,0.0486463050765451,417.95
0.0500161680904512,417.62,0.0500161680904512,417.62,0.0500161680904512,417.62,0.0500161680904512,417.62
0.0527558941178086,418.96,0.0527558941178086,418.96,0.0527558941178086,418.96,0.0527558941178086,418.96
0.0568654831588447,418.45,0.0568654831588447,416.9,0.133577811925988,418.43,0.133577811925988,417.64
0.133577811925988,418.97,0.133577811925988,418.19,0.218509318775205,417.52,0.218509318775205,417.44
0.218509318775205,418.01,0.218509318775205,417.95,0.303440825624648,416.31,0.303440825624648,417.22
0.303440825624648,416.43,0.303440825624648,417.37,0.385632606446507,414.76,0.385632606446507,417.02
0.385632606446507,414.82,0.385632606446507,417.1,0.47056411329595,413.18,0.47056411329595,416.8
0.47056411329595,413.55,0.47056411329595,417.18,0.552755894117809,413.05,0.552755894117809,416.59
0.552755894117809,412.9,0.552755894117809,416.42,0.637687400967025,414.78,0.637687400967025,416.38
0.637687400967025,414.34,0.637687400967025,415.89,0.722618907816468,416.95,0.722618907816468,416.17
0.722618907816468,416.65,0.722618907816468,415.84,0.804810688638327,418.55,0.804810688638327,415.99
0.804810688638327,418.7,0.804810688638327,416.12,0.889742195487543,419.22,0.889742195487543,415.81
0.889742195487543,418.95,0.889742195487543,415.53,0.971933976309629,418.45,0.971933976309629,415.64
0.971933976309629,418.24,0.971933976309629,415.44,1.05686548315884,417.02,1.05686548315884,415.46
1.05686548315884,417.16,1.05686548315884,415.62,1.13357781192599,416.1,1.13357781192599,415.31
1.13357781192599,416.47,1.13357781192599,415.7,1.2185093187752,415.22,1.2185093187752,415.14
1.2185093187752,415.15,1.2185093187752,415.08,1.30332105618072,414.05,1.30332105618072,414.96
1.30332105618072,413.89,1.30332105618072,414.81,1.38528826929564,412.55,1.38528826929564,414.79
1.38528826929564,412.88,1.38528826929564,415.15,1.46998772284746,411,1.46998772284746,414.6
1.46998772284746,411.12,1.46998772284746,414.74,1.55195493596216,410.88,1.55195493596216,414.41
1.55195493596216,411.18,1.55195493596216,414.7,1.63665438951421,412.6,1.63665438951421,414.22
1.63665438951421,412.52,1.63665438951421,414.1,1.72135384306603,414.76,1.72135384306603,414.02
1.72135384306603,414.42,1.72135384306603,413.64,1.80332105618072,416.35,1.80332105618072,413.82
1.80332105618072,416.29,1.80332105618072,413.74,1.88802050973277,417.03,1.88802050973277,413.62
1.88802050973277,417.15,1.88802050973277,413.75,1.96998772284746,416.26,1.96998772284746,413.43
1.96998772284746,416.11,1.96998772284746,413.3,2.05468717639928,414.81,2.05468717639928,413.22
2.05468717639928,414.45,2.05468717639928,412.88,2.13392214907685,413.82,2.13392214907685,413.03
2.13392214907685,414.05,2.13392214907685,413.27,2.2186216026289,412.9,2.2186216026289,412.82
2.2186216026289,413.3,2.2186216026289,413.24,2.30344082562465,411.7,2.30344082562465,412.61
2.30344082562465,411.81,2.30344082562465,412.74,2.38563260644651,410.15,2.38563260644651,412.39
2.38563260644651,410.16,2.38563260644651,412.43,2.47056411329595,408.58,2.47056411329595,412.17
2.47056411329595,408.4,2.47056411329595,412.01,2.55275589411781,408.44,2.55275589411781,411.95
2.55275589411781,408.48,2.55275589411781,411.98,2.63768740096702,410.14,2.63768740096702,411.73
2.63768740096702,410.01,2.63768740096702,411.56,2.72261890781647,412.28,2.72261890781647,411.51
2.72261890781647,411.78,2.72261890781647,410.98,2.80481068863833,413.84,2.80481068863833,411.29
2.80481068863833,413.89,2.80481068863833,411.32,2.88974219548754,414.47,2.88974219548754,411.07
2.88974219548754,414.76,2.88974219548754,411.36,2.97193397630963,413.65,2.97193397630963,410.86
2.97193397630963,413.46,2.97193397630963,410.68,3.05686548315884,412.18,3.05686548315884,410.63
3.05686548315884,411.91,3.05686548315884,410.38,3.13357781192599,411.2,3.13357781192599,410.42
3.13357781192599,411.59,3.13357781192599,410.81,3.2185093187752,410.25,3.2185093187752,410.17
3.2185093187752,410.85,3.2185093187752,410.78,3.30344082562465,409.01,3.30344082562465,409.92
3.30344082562465,409.17,3.30344082562465,410.09,3.38563260644651,407.42,3.38563260644651,409.66
3.38563260644651,408.04,3.38563260644651,410.3,3.47056411329595,405.8,3.47056411329595,409.38
3.47056411329595,405.93,3.47056411329595,409.53,3.55275589411781,405.61,3.55275589411781,409.12
3.55275589411781,405.52,3.55275589411781,409.01,3.63768740096702,407.27,3.63768740096702,408.85
3.63768740096702,407.02,3.63768740096702,408.56,3.72261890781647,409.36,3.72261890781647,408.59
3.72261890781647,408.83,3.72261890781647,408.03,3.80481068863833,410.9,3.80481068863833,408.36
3.80481068863833,410.81,3.80481068863833,408.25,3.88974219548754,411.53,3.88974219548754,408.15
3.88974219548754,411.23,3.88974219548754,407.85,3.97193397630963,410.74,3.97193397630963,407.95
3.97193397630963,410.24,3.97193397630963,407.46,4.05686548315884,409.32,4.05686548315884,407.77
4.05686548315884,409.21,4.05686548315884,407.68,4.13357781192599,408.41,4.13357781192599,407.62
4.13357781192599,408.36,4.13357781192599,407.58,4.2185093187752,407.55,4.2185093187752,407.47
4.2185093187752,407.98,4.2185093187752,407.91,4.30344082562465,406.41,4.30344082562465,407.31
4.30344082562465,406.68,4.30344082562465,407.6,4.38563260644651,404.93,4.38563260644651,407.16
4.38563260644651,405.1,4.38563260644651,407.35,4.47056411329595,403.43,4.47056411329595,407.01
4.47056411329595,403.57,4.47056411329595,407.16,4.55275589411781,403.36,4.55275589411781,406.86
4.55275589411781,403.2,4.55275589411781,406.68,4.63768740096702,405.12,4.63768740096702,406.7
4.63768740096702,405.17,4.63768740096702,406.71,4.72261890781647,407.31,4.72261890781647,406.54
4.72261890781647,407.13,4.72261890781647,406.33,4.80481068863833,408.92,4.80481068863833,406.39
4.80481068863833,409.05,4.80481068863833,406.5,4.88974219548754,409.6,4.88974219548754,406.23
4.88974219548754,409.84,4.88974219548754,406.46,4.97193397630963,408.85,4.97193397630963,406.07
4.97193397630963,408.88,4.97193397630963,406.12,5.05686548315884,407.44,5.05686548315884,405.9
5.05686548315884,406.98,5.05686548315884,405.46,5.13357781192599,406.52,5.13357781192599,405.74
5.13357781192599,406.57,5.13357781192599,405.8,5.2185093187752,405.64,5.2185093187752,405.56
5.2185093187752,406,5.2185093187752,405.94,5.30332105618072,404.47,5.30332105618072,405.37
5.30332105618072,404.48,5.30332105618072,405.4,5.38528826929564,402.96,5.38528826929564,405.17
5.38528826929564,403.57,5.38528826929564,405.81,5.46998772284746,401.4,5.46998772284746,404.96
5.46998772284746,401.43,5.46998772284746,405,5.55195493596216,401.26,5.55195493596216,404.75
5.55195493596216,400.94,5.55195493596216,404.42,5.63665438951421,402.93,5.63665438951421,404.53
5.63665438951421,402.17,5.63665438951421,403.73,5.72135384306603,405.04,5.72135384306603,404.31
5.72135384306603,404.43,5.72135384306603,403.67,5.80332105618072,406.59,5.80332105618072,404.09
5.80332105618072,406.94,5.80332105618072,404.42,5.88802050973277,407.21,5.88802050973277,403.85
5.88802050973277,407.59,5.88802050973277,404.22,5.96998772284746,406.4,5.96998772284746,403.6
5.96998772284746,407.5,5.96998772284746,404.72,6.05468717639928,404.88,6.05468717639928,403.32
6.05468717639928,404.79,6.05468717639928,403.24,6.13392214907685,403.81,6.13392214907685,403.04
6.13392214907685,404.09,6.13392214907685,403.33,6.2186216026289,402.81,6.2186216026289,402.73
6.2186216026289,402.58,6.2186216026289,402.51,6.30344082562465,401.52,6.30344082562465,402.41
6.30344082562465,401.82,6.30344082562465,402.74,6.38563260644651,399.89,6.38563260644651,402.1
6.38563260644651,400.17,6.38563260644651,402.41,6.47056411329595,398.23,6.47056411329595,401.79
6.47056411329595,398.22,6.47056411329595,401.79,6.55275589411781,398.02,6.55275589411781,401.5
6.55275589411781,397.43,6.55275589411781,400.88,6.63768740096702,399.64,6.63768740096702,401.21
6.63768740096702,398.93,6.63768740096702,400.46,6.72261890781647,401.71,6.72261890781647,400.94
6.72261890781647,401.54,6.72261890781647,400.74,6.80481068863833,403.23,6.80481068863833,400.71
6.80481068863833,402.81,6.80481068863833,400.27,6.88974219548754,403.85,6.88974219548754,400.49
6.88974219548754,404.04,6.88974219548754,400.68,6.97193397630963,403.06,6.97193397630963,400.3
6.97193397630963,403.53,6.97193397630963,400.78,7.05686548315884,401.64,7.05686548315884,400.1
7.05686548315884,401.6,7.05686548315884,400.08,7.13357781192599,400.71,7.13357781192599,399.94
7.13357781192599,400.4,7.13357781192599,399.63,7.2185093187752,399.84,7.2185093187752,399.76
7.2185093187752,399.95,7.2185093187752,399.88,7.30344082562465,398.69,7.30344082562465,399.59
7.30344082562465,398.88,7.30344082562465,399.8,7.38563260644651,397.21,7.38563260644651,399.42
7.38563260644651,397.32,7.38563260644651,399.55,7.47056411329595,395.71,7.47056411329595,399.25
7.47056411329595,395.74,7.47056411329595,399.3,7.55275589411781,395.63,7.55275589411781,399.09
7.55275589411781,395.49,7.55275589411781,398.93,7.63768740096702,397.37,7.63768740096702,398.93
7.63768740096702,397.3,7.63768740096702,398.82,7.72261890781647,399.53,7.72261890781647,398.77
7.72261890781647,399.17,7.72261890781647,398.37,7.80481068863833,401.13,7.80481068863833,398.62
7.80481068863833,401.41,7.80481068863833,398.88,7.88974219548754,401.8,7.88974219548754,398.46
7.88974219548754,401.99,7.88974219548754,398.64,7.97193397630963,401.05,7.97193397630963,398.3
7.97193397630963,401.44,7.97193397630963,398.7,8.05686548315884,399.66,8.05686548315884,398.13
8.05686548315884,399.56,8.05686548315884,398.05,8.13357781192599,398.75,8.13357781192599,397.98
8.13357781192599,398.18,8.13357781192599,397.42,8.2185093187752,397.88,8.2185093187752,397.81
8.2185093187752,398.01,8.2185093187752,397.94,8.30344082562465,396.74,8.30344082562465,397.63
8.30344082562465,396.9,8.30344082562465,397.81,8.38563260644651,395.26,8.38563260644651,397.46
8.38563260644651,395.27,8.38563260644651,397.5,8.47056411329595,393.74,8.47056411329595,397.28
8.47056411329595,393.77,8.47056411329595,397.32,8.55275589411781,393.64,8.55275589411781,397.1
8.55275589411781,393.47,8.55275589411781,396.91,8.63768740096702,395.35,8.63768740096702,396.91
8.63768740096702,395.49,8.63768740096702,397.01,8.72261890781647,397.48,8.72261890781647,396.72
8.72261890781647,397.45,8.72261890781647,396.66,8.80481068863833,399.03,8.80481068863833,396.53
8.80481068863833,398.95,8.80481068863833,396.43,8.88974219548754,399.66,8.88974219548754,396.32
8.88974219548754,400.06,8.88974219548754,396.72,8.97193397630963,398.87,8.97193397630963,396.12
8.97193397630963,398.44,8.97193397630963,395.71,9.05686548315884,397.43,9.05686548315884,395.91
9.05686548315884,397.35,9.05686548315884,395.85,9.13357781192599,396.48,9.13357781192599,395.71
9.13357781192599,396.94,9.13357781192599,396.18,9.2185093187752,395.56,9.2185093187752,395.48
9.2185093187752,395.69,9.2185093187752,395.63,9.30332105618072,394.36,9.30332105618072,395.25
9.30332105618072,394.42,9.30332105618072,395.32,9.38528826929564,392.82,9.38528826929564,395.02
9.38528826929564,393.03,9.38528826929564,395.24,9.46998772284746,391.25,9.46998772284746,394.77
9.46998772284746,391.09,9.46998772284746,394.62,9.55195493596216,391.08,9.55195493596216,394.54
9.55195493596216,391.2,9.55195493596216,394.64,9.63665438951421,392.71,9.63665438951421,394.29
9.63665438951421,392.61,9.63665438951421,394.15,9.72135384306603,394.78,9.72135384306603,394.06
9.72135384306603,394.6,9.72135384306603,393.84,9.80332105618072,396.31,9.80332105618072,393.84
9.80332105618072,395.97,9.80332105618072,393.48,9.88802050973277,396.94,9.88802050973277,393.62
9.88802050973277,396.96,9.88802050973277,393.63,9.96998772284746,396.18,9.96998772284746,393.41
9.96998772284746,396.51,9.96998772284746,393.76,10.0546871763993,394.76,10.0546871763993,393.21
10.0546871763993,394.43,10.0546871763993,392.9,10.1339221490769,393.79,10.1339221490769,393.02
10.1339221490769,393.42,10.1339221490769,392.66,10.2186216026289,392.91,10.2186216026289,392.83
10.2186216026289,393.13,10.2186216026289,393.07,10.3034408256246,391.76,10.3034408256246,392.64
10.3034408256246,391.86,10.3034408256246,392.76,10.3856326064465,390.27,10.3856326064465,392.46
10.3856326064465,390.3,10.3856326064465,392.51,10.4705641132959,388.76,10.4705641132959,392.28
10.4705641132959,388.98,10.4705641132959,392.51,10.5527558941178,388.66,10.5527558941178,392.1
10.5527558941178,389.05,10.5527558941178,392.46,10.637687400967,390.37,10.637687400967,391.92
10.637687400967,390.25,10.637687400967,391.76,10.7226189078165,392.49,10.7226189078165,391.74
10.7226189078165,392.64,10.7226189078165,391.86,10.8048106886383,394.06,10.8048106886383,391.57
10.8048106886383,393.74,10.8048106886383,391.23,10.8897421954875,394.73,10.8897421954875,391.41
10.8897421954875,394.33,10.8897421954875,391.01,10.9719339763096,394,10.9719339763096,391.27
10.9719339763096,393.41,10.9719339763096,390.69,11.0568654831588,392.64,11.0568654831588,391.13
11.0568654831588,392.49,11.0568654831588,390.99,11.133577811926,391.77,11.133577811926,391.01
11.133577811926,391.96,11.133577811926,391.21,11.2185093187752,390.95,11.2185093187752,390.87
11.2185093187752,391.33,11.2185093187752,391.26,11.3034408256246,389.85,11.3034408256246,390.74
11.3034408256246,389.83,11.3034408256246,390.74,11.3856326064465,388.42,11.3856326064465,390.6
11.3856326064465,388.69,11.3856326064465,390.9,11.4705641132959,386.95,11.4705641132959,390.45
11.4705641132959,387.18,11.4705641132959,390.7,11.5527558941178,386.87,11.5527558941178,390.29
11.5527558941178,386.85,11.5527558941178,390.26,11.637687400967,388.58,11.637687400967,390.13
11.637687400967,388.53,11.637687400967,390.04,11.7226189078165,390.7,11.7226189078165,389.95
11.7226189078165,390.35,11.7226189078165,389.56,11.8048106886383,392.26,11.8048106886383,389.78
11.8048106886383,392.26,11.8048106886383,389.75,11.8897421954875,392.9,11.8897421954875,389.59
11.8897421954875,393.24,11.8897421954875,389.93,11.9719339763096,392.12,11.9719339763096,389.4
11.9719339763096,392.39,11.9719339763096,389.68,12.0568654831588,390.7,12.0568654831588,389.19
12.0568654831588,391.02,12.0568654831588,389.53,12.133577811926,389.75,12.133577811926,388.99
12.133577811926,390.08,12.133577811926,389.33,12.2185093187752,388.84,12.2185093187752,388.76
12.2185093187752,388.55,12.2185093187752,388.49,12.3034408256246,387.65,12.3034408256246,388.53
12.3034408256246,387.48,12.3034408256246,388.38,12.3856326064465,386.13,12.3856326064465,388.31
12.3856326064465,386.05,12.3856326064465,388.25,12.4705641132959,384.59,12.4705641132959,388.08
12.4705641132959,384.32,12.4705641132959,387.83,12.5527558941178,384.45,12.5527558941178,387.87
12.5527558941178,384.64,12.5527558941178,388.03,12.637687400967,386.12,12.637687400967,387.66
12.637687400967,386.06,12.637687400967,387.57,12.7226189078165,388.2,12.7226189078165,387.45
12.7226189078165,388.05,12.7226189078165,387.27,12.8048106886383,389.74,12.8048106886383,387.26
12.8048106886383,389.6,12.8048106886383,387.11,12.8897421954875,390.38,12.8897421954875,387.08
12.8897421954875,390.15,12.8897421954875,386.85,12.9719339763096,389.63,12.9719339763096,386.91
12.9719339763096,389.54,12.9719339763096,386.84,13.0568654831588,388.25,13.0568654831588,386.75
13.0568654831588,388.5,13.0568654831588,387.01,13.133577811926,387.36,13.133577811926,386.6
13.133577811926,387.1,13.133577811926,386.35,13.2185093187752,386.52,13.2185093187752,386.44
13.2185093187752,386.63,13.2185093187752,386.56,13.3033210561807,385.4,13.3033210561807,386.28
13.3033210561807,385.08,13.3033210561807,385.98,13.3852882692956,383.97,13.3852882692956,386.13
13.3852882692956,383.98,13.3852882692956,386.17,13.4699877228475,382.5,13.4699877228475,385.98
13.4699877228475,382.75,13.4699877228475,386.24,13.5519549359622,382.4,13.5519549359622,385.82
13.5519549359622,383.05,13.5519549359622,386.45,13.6366543895142,384.09,13.6366543895142,385.65
13.6366543895142,384.05,13.6366543895142,385.58,13.721353843066,386.2,13.721353843066,385.48
13.721353843066,386.22,13.721353843066,385.47,13.8033210561807,387.76,13.8033210561807,385.32
13.8033210561807,388.02,13.8033210561807,385.56,13.8880205097328,388.43,13.8880205097328,385.15
13.8880205097328,388.49,13.8880205097328,385.2,13.9699877228475,387.72,13.9699877228475,384.99
13.9699877228475,386.74,13.9699877228475,384.02,14.0546871763993,386.37,14.0546871763993,384.84
14.0546871763993,385.8,14.0546871763993,384.29,14.1339221490769,385.45,14.1339221490769,384.7
14.1339221490769,385.81,14.1339221490769,385.06,14.2186216026289,384.63,14.2186216026289,384.55
14.2186216026289,385.04,14.2186216026289,384.98,14.3034408256246,383.53,14.3034408256246,384.41
14.3034408256246,383.58,14.3034408256246,384.48,14.3856326064465,382.09,14.3856326064465,384.26
14.3856326064465,382.32,14.3856326064465,384.51,14.4705641132959,380.63,14.4705641132959,384.1
14.4705641132959,380.83,14.4705641132959,384.32,14.5527558941178,380.55,14.5527558941178,383.95
14.5527558941178,380.83,14.5527558941178,384.21,14.637687400967,382.25,14.637687400967,383.78
14.637687400967,381.81,14.637687400967,383.31,14.7226189078165,384.36,14.7226189078165,383.62
14.7226189078165,384.42,14.7226189078165,383.64,14.8048106886383,385.92,14.8048106886383,383.46
14.8048106886383,385.84,14.8048106886383,383.36,14.8897421954875,386.58,14.8897421954875,383.3
14.8897421954875,386.38,14.8897421954875,383.1,14.9719339763096,385.84,14.9719339763096,383.14
14.9719339763096,386.2,14.9719339763096,383.51,15.0568654831588,384.48,15.0568654831588,382.98
15.0568654831588,384.31,15.0568654831588,382.82,15.133577811926,383.59,15.133577811926,382.84
15.133577811926,383.68,15.133577811926,382.94,15.2185093187752,382.76,15.2185093187752,382.68
15.2185093187752,382.55,15.2185093187752,382.49,15.3034408256246,381.66,15.3034408256246,382.53
15.3034408256246,381.62,15.3034408256246,382.52,15.3856326064465,380.23,15.3856326064465,382.38
15.3856326064465,380.11,15.3856326064465,382.29,15.4705641132959,378.77,15.4705641132959,382.23
15.4705641132959,379.03,15.4705641132959,382.5,15.5527558941178,378.7,15.5527558941178,382.09
15.5527558941178,378.77,15.5527558941178,382.14,15.637687400967,380.41,15.637687400967,381.94
15.637687400967,380.44,15.637687400967,381.93,15.7226189078165,382.53,15.7226189078165,381.79
15.7226189078165,382.25,15.7226189078165,381.47,15.8048106886383,384.1,15.8048106886383,381.65
15.8048106886383,383.99,15.8048106886383,381.52,15.8897421954875,384.77,15.8897421954875,381.5
15.8897421954875,384.89,15.8897421954875,381.62,15.9719339763096,384.05,15.9719339763096,381.36
15.9719339763096,384.33,15.9719339763096,381.66,16.0568654831588,382.69,16.0568654831588,381.2
16.0568654831588,382.53,16.0568654831588,381.05,16.133577811926,381.81,16.133577811926,381.05
16.133577811926,381.98,16.133577811926,381.24,16.2185093187752,380.96,16.2185093187752,380.88
16.2185093187752,381.33,16.2185093187752,381.27,16.3034408256246,379.82,16.3034408256246,380.7
16.3034408256246,379.92,16.3034408256246,380.81,16.3856326064465,378.36,16.3856326064465,380.51
16.3856326064465,378.27,16.3856326064465,380.45,16.4705641132959,376.86,16.4705641132959,380.31
16.4705641132959,376.77,16.4705641132959,380.24,16.5527558941178,376.74,16.5527558941178,380.11
16.5527558941178,376.38,16.5527558941178,379.74,16.637687400967,378.38,16.637687400967,379.9
16.637687400967,378.64,16.637687400967,380.12,16.7226189078165,380.43,16.7226189078165,379.69
16.7226189078165,380.63,16.7226189078165,379.86,16.8048106886383,381.92,16.8048106886383,379.48
16.8048106886383,382.05,16.8048106886383,379.58,16.8897421954875,382.51,16.8897421954875,379.25
16.8897421954875,382.21,16.8897421954875,378.95,16.9719339763096,381.72,16.9719339763096,379.04
16.9719339763096,382.02,16.9719339763096,379.35,17.0568654831588,380.3,17.0568654831588,378.82
17.0568654831588,380.06,17.0568654831588,378.59,17.133577811926,379.37,17.133577811926,378.62
17.133577811926,379.56,17.133577811926,378.82,17.2185093187752,378.48,17.2185093187752,378.4
17.2185093187752,378.29,17.2185093187752,378.22,17.3033210561807,377.33,17.3033210561807,378.2
17.3033210561807,377.39,17.3033210561807,378.28,17.3852882692956,375.87,17.3852882692956,378.01
17.3852882692956,375.79,17.3852882692956,377.96,17.4699877228475,374.39,17.4699877228475,377.83
17.4699877228475,374.17,17.4699877228475,377.62,17.5519549359622,374.29,17.5519549359622,377.66
17.5519549359622,373.99,17.5519549359622,377.35,17.6366543895142,375.97,17.6366543895142,377.51
17.6366543895142,375.77,17.6366543895142,377.28,17.721353843066,378.08,17.721353843066,377.37
17.721353843066,377.71,17.721353843066,376.97,17.8033210561807,379.67,17.8033210561807,377.25
17.8033210561807,379.49,17.8033210561807,377.06,17.8880205097328,380.38,17.8880205097328,377.13
17.8880205097328,380.56,17.8880205097328,377.31,17.9699877228475,379.72,17.9699877228475,377.02
17.9699877228475,380.44,17.9699877228475,377.75,18.0546871763993,378.41,18.0546871763993,376.9
18.0546871763993,378.33,18.0546871763993,376.84,18.1339221490769,377.53,18.1339221490769,376.78
18.1339221490769,377.31,18.1339221490769,376.57,18.2186216026289,376.73,18.2186216026289,376.65
18.2186216026289,376.73,18.2186216026289,376.66,18.3034408256246,375.64,18.3034408256246,376.51
18.3034408256246,375.63,18.3034408256246,376.51,18.3856326064465,374.22,18.3856326064465,376.36
18.3856326064465,374.29,18.3856326064465,376.45,18.4705641132959,372.77,18.4705641132959,376.2
18.4705641132959,372.94,18.4705641132959,376.38,18.5527558941178,372.68,18.5527558941178,376.04
18.5527558941178,372.92,18.5527558941178,376.25,18.637687400967,374.34,18.637687400967,375.86
18.637687400967,374.42,18.637687400967,375.9,18.7226189078165,376.4,18.7226189078165,375.66
18.7226189078165,376.54,18.7226189078165,375.77,18.8048106886383,377.9,18.8048106886383,375.47
18.8048106886383,378.07,18.8048106886383,375.62,18.8897421954875,378.51,18.8897421954875,375.27
18.8897421954875,378.28,18.8897421954875,375.04,18.9719339763096,377.73,18.9719339763096,375.06
18.9719339763096,377.58,18.9719339763096,374.93,19.0568654831588,376.33,19.0568654831588,374.85
19.0568654831588,376.04,19.0568654831588,374.57,19.133577811926,375.4,19.133577811926,374.66
19.133577811926,375.55,19.133577811926,374.81,19.2185093187752,374.51,19.2185093187752,374.44
19.2185093187752,374.61,19.2185093187752,374.55,19.3034408256246,373.35,19.3034408256246,374.21
19.3034408256246,373.71,19.3034408256246,374.59,19.3856326064465,371.86,19.3856326064465,373.99
19.3856326064465,372.01,19.3856326064465,374.17,19.4705641132959,370.33,19.4705641132959,373.75
19.4705641132959,370.18,19.4705641132959,373.61,19.5527558941178,370.18,19.5527558941178,373.53
19.5527558941178,370.63,19.5527558941178,373.96,19.637687400967,371.79,19.637687400967,373.29
19.637687400967,371.41,19.637687400967,372.88,19.7226189078165,373.8,19.7226189078165,373.07
19.7226189078165,373.95,19.7226189078165,373.18,19.8048106886383,375.28,19.8048106886383,372.85
19.8048106886383,375.33,19.8048106886383,372.89,19.8897421954875,375.87,19.8897421954875,372.64
19.8897421954875,375.48,19.8897421954875,372.25,19.9719339763096,375.11,19.9719339763096,372.45
19.9719339763096,374.77,19.9719339763096,372.13,20.0568654831588,373.74,20.0568654831588,372.26
20.0568654831588,373.44,20.0568654831588,371.98,20.133577811926,372.84,20.133577811926,372.1
20.133577811926,373,20.133577811926,372.27,20.2185093187752,372,20.2185093187752,371.93
20.2185093187752,372.36,20.2185093187752,372.29,20.3034408256246,370.89,20.3034408256246,371.76
20.3034408256246,371.15,20.3034408256246,372.04,20.3856326064465,369.47,20.3856326064465,371.59
20.3856326064465,369.6,20.3856326064465,371.75,20.4705641132959,368.02,20.4705641132959,371.43
20.4705641132959,368.01,20.4705641132959,371.44,20.5527558941178,367.94,20.5527558941178,371.27
20.5527558941178,367.88,20.5527558941178,371.2,20.637687400967,369.62,20.637687400967,371.12
20.637687400967,369.47,20.637687400967,370.94,20.7226189078165,371.71,20.7226189078165,370.98
20.7226189078165,371.54,20.7226189078165,370.77,20.8048106886383,373.26,20.8048106886383,370.84
20.8048106886383,373.23,20.8048106886383,370.79,20.8897421954875,373.93,20.8897421954875,370.71
20.8897421954875,373.94,20.8897421954875,370.72,20.9719339763096,373.25,20.9719339763096,370.59
20.9719339763096,372.78,20.9719339763096,370.14,21.0568654831588,371.94,21.0568654831588,370.47
21.0568654831588,372.04,21.0568654831588,370.58,21.133577811926,371.11,21.133577811926,370.37
21.133577811926,371.41,21.133577811926,370.68,21.2185093187752,370.32,21.2185093187752,370.24
21.2185093187752,370.2,21.2185093187752,370.13,21.3033210561807,369.26,21.3033210561807,370.11
21.3033210561807,369.44,21.3033210561807,370.31,21.3852882692956,367.87,21.3852882692956,369.99
21.3852882692956,368.2,21.3852882692956,370.34,21.4699877228475,366.45,21.4699877228475,369.85
21.4699877228475,366.64,21.4699877228475,370.05,21.5519549359622,366.37,21.5519549359622,369.7
21.5519549359622,366.53,21.5519549359622,369.85,21.6366543895142,368.03,21.6366543895142,369.56
21.6366543895142,368.03,21.6366543895142,369.52,21.721353843066,370.11,21.721353843066,369.41
21.721353843066,370.02,21.721353843066,369.29,21.8033210561807,371.66,21.8033210561807,369.28
21.8033210561807,371.6,21.8033210561807,369.19,21.8880205097328,372.36,21.8880205097328,369.15
21.8880205097328,371.74,21.8880205097328,368.52,21.9699877228475,371.7,21.9699877228475,369.03
21.9699877228475,371.57,21.9699877228475,368.92,22.0546871763993,370.41,22.0546871763993,368.92
22.0546871763993,370.42,22.0546871763993,368.94,22.1339221490769,369.56,22.1339221490769,368.82
22.1339221490769,369.37,22.1339221490769,368.64,22.2186216026289,368.8,22.2186216026289,368.73
22.2186216026289,369.05,22.2186216026289,368.99,22.3034408256246,367.78,22.3034408256246,368.64
22.3034408256246,367.91,22.3034408256246,368.79,22.3856326064465,366.44,22.3856326064465,368.55
22.3856326064465,366.58,22.3856326064465,368.72,22.4705641132959,365.07,22.4705641132959,368.46
22.4705641132959,365.04,22.4705641132959,368.44,22.5527558941178,365.07,22.5527558941178,368.39
22.5527558941178,364.54,22.5527558941178,367.84,22.637687400967,366.82,22.637687400967,368.31
22.637687400967,366.83,22.637687400967,368.29,22.7226189078165,368.97,22.7226189078165,368.24
22.7226189078165,369.17,22.7226189078165,368.41,22.8048106886383,370.57,22.8048106886383,368.17
22.8048106886383,370.25,22.8048106886383,367.83,22.8897421954875,371.31,22.8897421954875,368.1
22.8897421954875,370.9,22.8897421954875,367.7,22.9719339763096,370.67,22.9719339763096,368.03
22.9719339763096,371.04,22.9719339763096,368.42,23.0568654831588,369.41,23.0568654831588,367.95
23.0568654831588,369.49,23.0568654831588,368.04,23.133577811926,368.6,23.133577811926,367.86
23.133577811926,368.77,23.133577811926,368.05,23.2185093187752,367.83,23.2185093187752,367.75
23.2185093187752,368.05,23.2185093187752,367.99,23.3034408256246,366.76,23.3034408256246,367.62
23.3034408256246,366.87,23.3034408256246,367.74,23.3856326064465,365.36,23.3856326064465,367.47
23.3856326064465,365.36,23.3856326064465,367.49,23.4705641132959,363.91,23.4705641132959,367.29
23.4705641132959,364.13,23.4705641132959,367.53,23.5527558941178,363.79,23.5527558941178,367.1
23.5527558941178,363.8,23.5527558941178,367.09,23.637687400967,365.39,23.637687400967,366.88
23.637687400967,365.67,23.637687400967,367.13,23.7226189078165,367.37,23.7226189078165,366.64
23.7226189078165,367.53,23.7226189078165,366.77,23.8048106886383,368.79,23.8048106886383,366.4
23.8048106886383,368.77,23.8048106886383,366.35,23.8897421954875,369.33,23.8897421954875,366.14
23.8897421954875,369.19,23.8897421954875,366,23.9719339763096,368.5,23.9719339763096,365.87
23.9719339763096,368.5,23.9719339763096,365.89,24.0568654831588,367.06,24.0568654831588,365.6
24.0568654831588,367.2,24.0568654831588,365.76,24.133577811926,366.08,24.133577811926,365.35
24.133577811926,366.04,24.133577811926,365.32,24.2185093187752,365.15,24.2185093187752,365.07
24.2185093187752,365.22,24.2185093187752,365.16,24.3034408256246,363.95,24.3034408256246,364.8
24.3034408256246,364.16,24.3034408256246,365.03,24.3856326064465,362.45,24.3856326064465,364.55
24.3856326064465,362.32,24.3856326064465,364.45,24.4705641132959,360.94,24.4705641132959,364.31
24.4705641132959,360.67,24.4705641132959,364.05,24.5527558941178,360.8,24.5527558941178,364.09
24.5527558941178,360.08,24.5527558941178,363.35,24.637687400967,362.4,24.637687400967,363.89
24.637687400967,362.39,24.637687400967,363.84,24.7226189078165,364.43,24.7226189078165,363.71
24.7226189078165,364.36,24.7226189078165,363.6,24.8048106886383,365.95,24.8048106886383,363.56
24.8048106886383,365.52,24.8048106886383,363.11,24.8897421954875,366.61,24.8897421954875,363.43
24.8897421954875,366.68,24.8897421954875,363.5,24.9719339763096,365.93,24.9719339763096,363.31
24.9719339763096,366.23,24.9719339763096,363.63,25.0568654831588,364.66,25.0568654831588,363.2
25.0568654831588,364.44,25.0568654831588,363,25.133577811926,363.85,25.133577811926,363.12
25.133577811926,363.87,25.133577811926,363.15,25.2185093187752,363.1,25.2185093187752,363.03
25.2185093187752,363.07,25.2185093187752,363,25.3033210561807,362.1,25.3033210561807,362.94
25.3033210561807,362.21,25.3033210561807,363.07,25.3852882692956,360.78,25.3852882692956,362.87
25.3852882692956,360.64,25.3852882692956,362.75,25.4699877228475,359.43,25.4699877228475,362.79
25.4699877228475,359.48,25.4699877228475,362.85,25.5519549359622,359.41,25.5519549359622,362.71
25.5519549359622,359.32,25.5519549359622,362.6,25.6366543895142,361.11,25.6366543895142,362.62
25.6366543895142,361.35,25.6366543895142,362.82,25.721353843066,363.22,25.721353843066,362.53
25.721353843066,363.52,25.721353843066,362.8,25.8033210561807,364.78,25.8033210561807,362.43
25.8033210561807,364.84,25.8033210561807,362.46,25.8880205097328,365.49,25.8880205097328,362.32
25.8880205097328,365.29,25.8880205097328,362.11,25.9699877228475,364.84,25.9699877228475,362.2
25.9699877228475,364.58,25.9699877228475,361.96,26.0546871763993,363.55,26.0546871763993,362.07
26.0546871763993,363.88,26.0546871763993,362.43,26.1339221490769,362.68,26.1339221490769,361.95
26.1339221490769,363.11,26.1339221490769,362.39,26.2186216026289,361.87,26.2186216026289,361.8
26.2186216026289,361.91,26.2186216026289,361.85,26.3034408256246,360.8,26.3034408256246,361.64
26.3034408256246,360.56,26.3034408256246,361.42,26.3856326064465,359.4,26.3856326064465,361.49
26.3856326064465,359.42,26.3856326064465,361.54,26.4705641132959,357.98,26.4705641132959,361.33
26.4705641132959,357.62,26.4705641132959,360.98,26.5527558941178,357.89,26.5527558941178,361.17
26.5527558941178,357.91,26.5527558941178,361.17,26.637687400967,359.53,26.637687400967,361.01
26.637687400967,359.31,26.637687400967,360.75,26.7226189078165,361.56,26.7226189078165,360.84
26.7226189078165,361.75,26.7226189078165,360.99,26.8048106886383,363.06,26.8048106886383,360.68
26.8048106886383,363.11,26.8048106886383,360.72,26.8897421954875,363.68,26.8897421954875,360.52
26.8897421954875,363.65,26.8897421954875,360.48,26.9719339763096,362.96,26.9719339763096,360.35
26.9719339763096,363.3,26.9719339763096,360.71,27.0568654831588,361.62,27.0568654831588,360.18
27.0568654831588,361.48,27.0568654831588,360.05,27.133577811926,360.74,27.133577811926,360.01
27.133577811926,360.84,27.133577811926,360.12,27.2185093187752,359.91,27.2185093187752,359.83
27.2185093187752,359.81,27.2185093187752,359.75,27.3034408256246,358.8,27.3034408256246,359.65
27.3034408256246,358.87,27.3034408256246,359.74,27.3856326064465,357.39,27.3856326064465,359.47
27.3856326064465,357.42,27.3856326064465,359.53,27.4705641132959,355.94,27.4705641132959,359.28
27.4705641132959,355.83,27.4705641132959,359.19,27.5527558941178,355.84,27.5527558941178,359.11
27.5527558941178,355.68,27.5527558941178,358.93,27.637687400967,357.45,27.637687400967,358.93
27.637687400967,357.31,27.637687400967,358.74,27.7226189078165,359.47,27.7226189078165,358.75
27.7226189078165,359.38,27.7226189078165,358.63,27.8048106886383,360.95,27.8048106886383,358.59
27.8048106886383,360.77,27.8048106886383,358.39,27.8897421954875,361.57,27.8897421954875,358.42
27.8897421954875,361.52,27.8897421954875,358.36,27.9719339763096,360.85,27.9719339763096,358.25
27.9719339763096,361.09,27.9719339763096,358.51,28.0568654831588,359.53,28.0568654831588,358.08
28.0568654831588,359.79,28.0568654831588,358.36,28.133577811926,358.66,28.133577811926,357.93
28.133577811926,358.73,28.133577811926,358.01,28.2185093187752,357.83,28.2185093187752,357.76
28.2185093187752,358.19,28.2185093187752,358.13,28.3034408256246,356.75,28.3034408256246,357.59
28.3034408256246,356.62,28.3034408256246,357.48,28.3856326064465,355.36,28.3856326064465,357.43
28.3856326064465,355.15,28.3856326064465,357.25,28.4705641132959,353.95,28.4705641132959,357.28
28.4705641132959,353.8,28.4705641132959,357.14,28.5527558941178,353.88,28.5527558941178,357.14
28.5527558941178,353.5,28.5527558941178,356.74,28.637687400967,355.54,28.637687400967,357.01
28.637687400967,355.33,28.637687400967,356.76,28.7226189078165,357.61,28.7226189078165,356.9
28.7226189078165,357.38,28.7226189078165,356.63,28.8048106886383,359.16,28.8048106886383,356.8
28.8048106886383,359.4,28.8048106886383,357.02,28.8897421954875,359.85,28.8897421954875,356.71
28.8897421954875,360.08,28.8897421954875,356.94,28.9719339763096,359.21,28.9719339763096,356.62
28.9719339763096,359.26,28.9719339763096,356.69,29.0568654831588,357.98,29.0568654831588,356.55
29.0568654831588,358.18,29.0568654831588,356.75,29.133577811926,357.21,29.133577811926,356.48
29.133577811926,356.97,29.133577811926,356.25,29.2185093187752,356.5,29.2185093187752,356.42
29.2185093187752,356.5,29.2185093187752,356.44,29.3033210561807,355.53,29.3033210561807,356.37
29.3033210561807,355.2,29.3033210561807,356.05,29.3852882692956,354.26,29.3852882692956,356.33
29.3852882692956,353.96,29.3852882692956,356.05,29.4699877228475,352.98,29.4699877228475,356.29
29.4699877228475,353.11,29.4699877228475,356.44,29.5519549359622,353.01,29.5519549359622,356.26
29.5519549359622,352.81,29.5519549359622,356.04,29.6366543895142,354.74,29.6366543895142,356.23
29.6366543895142,354.8,29.6366543895142,356.25,29.721353843066,356.88,29.721353843066,356.2
29.721353843066,356.82,29.721353843066,356.11,29.8033210561807,358.49,29.8033210561807,356.16
29.8033210561807,359.05,29.8033210561807,356.7,29.8880205097328,359.25,29.8880205097328,356.11
29.8880205097328,359.46,29.8880205097328,356.33,29.9699877228475,358.67,29.9699877228475,356.06
29.9699877228475,358.95,29.9699877228475,356.36,30.0546871763993,357.46,30.0546871763993,356
30.0546871763993,357.61,30.0546871763993,356.17,30.1339221490769,356.66,30.1339221490769,355.93
30.1339221490769,356.52,30.1339221490769,355.81,30.2186216026289,355.94,30.2186216026289,355.86
30.2186216026289,355.79,30.2186216026289,355.73,30.3034408256246,354.96,30.3034408256246,355.79
30.3034408256246,354.79,30.3034408256246,355.64,30.3856326064465,353.66,30.3856326064465,355.73
30.3856326064465,353.55,30.3856326064465,355.63,30.4705641132959,352.35,30.4705641132959,355.66
30.4705641132959,352.02,30.4705641132959,355.34,30.5527558941178,352.37,30.5527558941178,355.6
30.5527558941178,351.95,30.5527558941178,355.17,30.637687400967,354.09,30.637687400967,355.55
30.637687400967,353.81,30.637687400967,355.24,30.7226189078165,356.2,30.7226189078165,355.49
30.7226189078165,355.98,30.7226189078165,355.23,30.8048106886383,357.77,30.8048106886383,355.42
30.8048106886383,358.04,30.8048106886383,355.68,30.8897421954875,358.47,30.8897421954875,355.35
30.8897421954875,359.14,30.8897421954875,356.01,30.9719339763096,357.83,30.9719339763096,355.25
30.9719339763096,358.4,30.9719339763096,355.84,31.0568654831588,356.56,31.0568654831588,355.14
31.0568654831588,356.96,31.0568654831588,355.54,31.133577811926,355.74,31.133577811926,355.02
31.133577811926,355.55,31.133577811926,354.84,31.2185093187752,354.95,31.2185093187752,354.88
31.2185093187752,354.53,31.2185093187752,354.46,31.3034408256246,353.9,31.3034408256246,354.73
31.3034408256246,354.02,31.3034408256246,354.87,31.3856326064465,352.53,31.3856326064465,354.59
31.3856326064465,352.64,31.3856326064465,354.72,31.4705641132959,351.14,31.4705641132959,354.44
31.4705641132959,350.99,31.4705641132959,354.3,31.5527558941178,351.07,31.5527558941178,354.29
31.5527558941178,350.77,31.5527558941178,353.98,31.637687400967,352.7,31.637687400967,354.15
31.637687400967,352.71,31.637687400967,354.13,31.7226189078165,354.73,31.7226189078165,354.02
31.7226189078165,354.62,31.7226189078165,353.88,31.8048106886383,356.24,31.8048106886383,353.9
31.8048106886383,356.04,31.8048106886383,353.68,31.8897421954875,356.9,31.8897421954875,353.79
31.8897421954875,356.96,31.8897421954875,353.85,31.9719339763096,356.25,31.9719339763096,353.68
31.9719339763096,356,31.9719339763096,353.45,32.0568654831588,355,32.0568654831588,353.58
32.0568654831588,355.19,32.0568654831588,353.78,32.133577811926,354.2,32.133577811926,353.49
32.133577811926,354.5,32.133577811926,353.79,32.2185093187752,353.46,32.2185093187752,353.38
32.2185093187752,353.46,32.2185093187752,353.4,32.3034408256246,352.45,32.3034408256246,353.28
32.3034408256246,352.32,32.3034408256246,353.17,32.3856326064465,351.13,32.3856326064465,353.18
32.3856326064465,351.09,32.3856326064465,353.17,32.4705641132959,349.79,32.4705641132959,353.08
32.4705641132959,349.79,32.4705641132959,353.09,32.5527558941178,349.77,32.5527558941178,352.98
32.5527558941178,349.61,32.5527558941178,352.8,32.637687400967,351.44,32.637687400967,352.89
32.637687400967,351.47,32.637687400967,352.88,32.7226189078165,353.49,32.7226189078165,352.79
32.7226189078165,353.7,32.7226189078165,352.96,32.8048106886383,355.02,32.8048106886383,352.69
32.8048106886383,354.92,32.8048106886383,352.57,32.8897421954875,355.69,32.8897421954875,352.59
32.8897421954875,355.47,32.8897421954875,352.36,32.9719339763096,355.05,32.9719339763096,352.49
32.9719339763096,355.22,32.9719339763096,352.68,33.0568654831588,353.8,33.0568654831588,352.38
33.0568654831588,353.48,33.0568654831588,352.07,33.133577811926,353,33.133577811926,352.28
33.133577811926,352.86,33.133577811926,352.15,33.2185093187752,352.25,33.2185093187752,352.17
33.2185093187752,352.55,33.2185093187752,352.49,33.3033210561807,351.23,33.3033210561807,352.05
33.3033210561807,351.12,33.3033210561807,351.96,33.3852882692956,349.89,33.3852882692956,351.93
33.3852882692956,349.85,33.3852882692956,351.91,33.4699877228475,348.52,33.4699877228475,351.79
33.4699877228475,348.66,33.4699877228475,351.95,33.5519549359622,348.44,33.5519549359622,351.65
33.5519549359622,348.5,33.5519549359622,351.69,33.6366543895142,350.02,33.6366543895142,351.5
33.6366543895142,350.19,33.6366543895142,351.63,33.721353843066,352,33.721353843066,351.33
33.721353843066,352.14,33.721353843066,351.43,33.8033210561807,353.45,33.8033210561807,351.15
33.8033210561807,353.55,33.8033210561807,351.23,33.8880205097328,354.06,33.8880205097328,350.97
33.8880205097328,353.97,33.8880205097328,350.87,33.9699877228475,353.35,33.9699877228475,350.78
33.9699877228475,353.33,33.9699877228475,350.77,34.0546871763993,352.02,34.0546871763993,350.58
34.0546871763993,351.96,34.0546871763993,350.53,34.1339221490769,351.1,34.1339221490769,350.38
34.1339221490769,351.47,34.1339221490769,350.77,34.2186216026289,350.25,34.2186216026289,350.18
34.2186216026289,350.16,34.2186216026289,350.1,34.3034408256246,349.14,34.3034408256246,349.97
34.3034408256246,348.69,34.3034408256246,349.54,34.3856326064465,347.73,34.3856326064465,349.77
34.3856326064465,347.54,34.3856326064465,349.6,34.4705641132959,346.3,34.4705641132959,349.57
34.4705641132959,346.09,34.4705641132959,349.38,34.5527558941178,346.18,34.5527558941178,349.37
34.5527558941178,346.44,34.5527558941178,349.61,34.637687400967,347.74,34.637687400967,349.18
34.637687400967,348.09,34.637687400967,349.49,34.7226189078165,349.68,34.7226189078165,348.98
34.7226189078165,349.5,34.7226189078165,348.76,34.8048106886383,351.11,34.8048106886383,348.8
34.8048106886383,351.25,34.8048106886383,348.91,34.8897421954875,351.7,34.8897421954875,348.61
34.8897421954875,351.84,34.8897421954875,348.75,34.9719339763096,350.98,34.9719339763096,348.44
34.9719339763096,350.97,34.9719339763096,348.45,35.0568654831588,349.67,35.0568654831588,348.26
35.0568654831588,349.4,35.0568654831588,348.01,35.133577811926,348.83,35.133577811926,348.12
35.133577811926,348.47,35.133577811926,347.77,35.2185093187752,348.04,35.2185093187752,347.96
35.2185093187752,348,35.2185093187752,347.94,35.3034408256246,347,35.3034408256246,347.82
35.3034408256246,346.88,35.3034408256246,347.72,35.3856326064465,345.66,35.3856326064465,347.69
35.3856326064465,345.64,35.3856326064465,347.69,35.4705641132959,344.3,35.4705641132959,347.56
35.4705641132959,344.16,35.4705641132959,347.43,35.5527558941178,344.25,35.5527558941178,347.43
35.5527558941178,344.83,35.5527558941178,348,35.637687400967,345.87,35.637687400967,347.3
35.637687400967,345.88,35.637687400967,347.28,35.7226189078165,347.87,35.7226189078165,347.17
35.7226189078165,347.92,35.7226189078165,347.19,35.8048106886383,349.35,35.8048106886383,347.05
35.8048106886383,349.53,35.8048106886383,347.21,35.8897421954875,349.99,35.8897421954875,346.92
35.8897421954875,350.19,35.8897421954875,347.12,35.9719339763096,349.33,35.9719339763096,346.79
35.9719339763096,349.53,35.9719339763096,347.01,36.0568654831588,348.07,36.0568654831588,346.67
36.0568654831588,347.83,36.0568654831588,346.44,36.133577811926,347.27,36.133577811926,346.56
36.133577811926,346.93,36.133577811926,346.23,36.2185093187752,346.52,36.2185093187752,346.45
36.2185093187752,346.28,36.2185093187752,346.21,36.3034408256246,345.53,36.3034408256246,346.35
36.3034408256246,345.53,36.3034408256246,346.37,36.3856326064465,344.23,36.3856326064465,346.26
36.3856326064465,344.21,36.3856326064465,346.26,36.4705641132959,342.92,36.4705641132959,346.17
36.4705641132959,342.78,36.4705641132959,346.04,36.5527558941178,342.91,36.5527558941178,346.09
36.5527558941178,343.06,36.5527558941178,346.21,36.637687400967,344.57,36.637687400967,346
36.637687400967,344.64,36.637687400967,346.04,36.7226189078165,346.61,36.7226189078165,345.91
36.7226189078165,346.54,36.7226189078165,345.81,36.8048106886383,348.13,36.8048106886383,345.83
36.8048106886383,348.24,36.8048106886383,345.92,36.8897421954875,348.8,36.8897421954875,345.73
36.8897421954875,348.92,36.8897421954875,345.85,36.9719339763096,348.15,36.9719339763096,345.63
36.9719339763096,348.34,36.9719339763096,345.83,37.0568654831588,346.92,37.0568654831588,345.51
37.0568654831588,347.43,37.0568654831588,346.05,37.133577811926,346.11,37.133577811926,345.41
37.133577811926,346.01,37.133577811926,345.31,37.2185093187752,345.35,37.2185093187752,345.28
37.2185093187752,344.99,37.2185093187752,344.93,37.3033210561807,344.34,37.3033210561807,345.16
37.3033210561807,344.25,37.3033210561807,345.08,37.3852882692956,343.02,37.3852882692956,345.03
37.3852882692956,343.02,37.3852882692956,345.06,37.4699877228475,341.68,37.4699877228475,344.91
37.4699877228475,341.4,37.4699877228475,344.64,37.5519549359622,341.63,37.5519549359622,344.8
37.5519549359622,341.13,37.5519549359622,344.29,37.6366543895142,343.23,37.6366543895142,344.68
37.6366543895142,343.34,37.6366543895142,344.76,37.721353843066,345.24,37.721353843066,344.57
37.721353843066,345.47,37.721353843066,344.77,37.8033210561807,346.73,37.8033210561807,344.46
37.8033210561807,346.88,37.8033210561807,344.59,37.8880205097328,347.39,37.8880205097328,344.34
37.8880205097328,347.52,37.8880205097328,344.47,37.9699877228475,346.76,37.9699877228475,344.21
37.9699877228475,347.15,37.9699877228475,344.62,38.0546871763993,345.5,38.0546871763993,344.08
38.0546871763993,345.38,38.0546871763993,343.98,38.1339221490769,344.66,38.1339221490769,343.96
38.1339221490769,344.62,38.1339221490769,343.93,38.2186216026289,343.89,38.2186216026289,343.82
38.2186216026289,343.82,38.2186216026289,343.76,38.3034408256246,342.86,38.3034408256246,343.67
38.3034408256246,342.98,38.3034408256246,343.82,38.3856326064465,341.52,38.3856326064465,343.53
38.3856326064465,341.16,38.3856326064465,343.19,38.4705641132959,340.15,38.4705641132959,343.38
38.4705641132959,340.01,38.4705641132959,343.25,38.5527558941178,340.07,38.5527558941178,343.23
38.5527558941178,339.88,38.5527558941178,343.02,38.637687400967,341.64,38.637687400967,343.06
38.637687400967,342.4,38.637687400967,343.79,38.7226189078165,343.58,38.7226189078165,342.89
38.7226189078165,344,38.7226189078165,343.28,38.8048106886383,345,38.8048106886383,342.71
38.8048106886383,345.34,38.8048106886383,343.03,38.8897421954875,345.57,38.8897421954875,342.52
38.8897421954875,345.78,38.8897421954875,342.73,38.9719339763096,344.84,38.9719339763096,342.33
38.9719339763096,344.96,38.9719339763096,342.46,39.0568654831588,343.53,39.0568654831588,342.13
39.0568654831588,343.12,39.0568654831588,341.74,39.133577811926,342.67,39.133577811926,341.97
39.133577811926,342.54,39.133577811926,341.85,39.2185093187752,341.87,39.2185093187752,341.8
39.2185093187752,341.4,39.2185093187752,341.34,39.3034408256246,340.83,39.3034408256246,341.64
39.3034408256246,340.51,39.3034408256246,341.34,39.3856326064465,339.51,39.3856326064465,341.51
39.3856326064465,339.28,39.3856326064465,341.31,39.4705641132959,338.18,39.4705641132959,341.4
39.4705641132959,337.88,39.4705641132959,341.11,39.5527558941178,338.16,39.5527558941178,341.3
39.5527558941178,338,39.5527558941178,341.13,39.637687400967,339.8,39.637687400967,341.22
39.637687400967,339.83,39.637687400967,341.21,39.7226189078165,341.83,39.7226189078165,341.14
39.7226189078165,342.07,39.7226189078165,341.35,39.8048106886383,343.34,39.8048106886383,341.06
39.8048106886383,343.37,39.8048106886383,341.07,39.8897421954875,344.02,39.8897421954875,340.98
39.8897421954875,344.16,39.8897421954875,341.12,39.9719339763096,343.4,39.9719339763096,340.9
39.9719339763096,343.59,39.9719339763096,341.1,40.0568654831588,342.2,40.0568654831588,340.81
40.0568654831588,342.72,40.0568654831588,341.35,40.133577811926,341.42,40.133577811926,340.72
40.133577811926,341.63,40.133577811926,340.94,40.2185093187752,340.69,40.2185093187752,340.61
40.2185093187752,340.77,40.2185093187752,340.71,40.3034408256246,339.69,40.3034408256246,340.5
40.3034408256246,339.63,40.3034408256246,340.46,40.3856326064465,338.4,40.3856326064465,340.4
40.3856326064465,338.38,40.3856326064465,340.4,40.4705641132959,337.08,40.4705641132959,340.29
40.4705641132959,336.88,40.4705641132959,340.1,40.5527558941178,337.05,40.5527558941178,340.19
40.5527558941178,336.71,40.5527558941178,339.83,40.637687400967,338.67,40.637687400967,340.09
40.637687400967,338.45,40.637687400967,339.83,40.7226189078165,340.69,40.7226189078165,340
40.7226189078165,340.51,40.7226189078165,339.79,40.8048106886383,342.19,40.8048106886383,339.91
40.8048106886383,342.27,40.8048106886383,339.98,40.8897421954875,342.86,40.8897421954875,339.83
40.8897421954875,342.93,40.8897421954875,339.9,40.9719339763096,342.24,40.9719339763096,339.75
40.9719339763096,342.52,40.9719339763096,340.05,41.0568654831588,341.04,41.0568654831588,339.65
41.0568654831588,341.4,41.0568654831588,340.03,41.133577811926,340.26,41.133577811926,339.57
41.133577811926,340.5,41.133577811926,339.81,41.2185093187752,339.54,41.2185093187752,339.46
41.2185093187752,339.25,41.2185093187752,339.19,41.3033210561807,338.55,41.3033210561807,339.36
41.3033210561807,338.23,41.3033210561807,339.05,41.3852882692956,337.27,41.3852882692956,339.26
41.3852882692956,337.12,41.3852882692956,339.13,41.4699877228475,335.96,41.4699877228475,339.15
41.4699877228475,336.03,41.4699877228475,339.23,41.5519549359622,335.9,41.5519549359622,339.04
41.5519549359622,335.9,41.5519549359622,339.02,41.6366543895142,337.48,41.6366543895142,338.91
41.6366543895142,337.61,41.6366543895142,339.01,41.721353843066,339.44,41.721353843066,338.78
41.721353843066,339.57,41.721353843066,338.88,41.8033210561807,340.89,41.8033210561807,338.65
41.8033210561807,341.18,41.8033210561807,338.92,41.8880205097328,341.52,41.8880205097328,338.5
41.8880205097328,341.49,41.8880205097328,338.47,41.9699877228475,340.86,41.9699877228475,338.35
41.9699877228475,340.78,41.9699877228475,338.29,42.0546871763993,339.59,42.0546871763993,338.19
42.0546871763993,340.09,42.0546871763993,338.7,42.1339221490769,338.73,42.1339221490769,338.03
42.1339221490769,338.37,42.1339221490769,337.68,42.2186216026289,337.93,42.2186216026289,337.86
42.2186216026289,338.03,42.2186216026289,337.97,42.3034408256246,336.89,42.3034408256246,337.7
42.3034408256246,336.74,42.3034408256246,337.56,42.3856326064465,335.55,42.3856326064465,337.54
42.3856326064465,335.3,42.3856326064465,337.31,42.4705641132959,334.19,42.4705641132959,337.38
42.4705641132959,333.87,42.4705641132959,337.07,42.5527558941178,334.12,42.5527558941178,337.24
42.5527558941178,333.93,42.5527558941178,337.03,42.637687400967,335.69,42.637687400967,337.09
42.637687400967,336.1,42.637687400967,337.47,42.7226189078165,337.63,42.7226189078165,336.95
42.7226189078165,337.74,42.7226189078165,337.03,42.8048106886383,339.07,42.8048106886383,336.82
42.8048106886383,339.3,42.8048106886383,337.02,42.8897421954875,339.69,42.8897421954875,336.68
42.8897421954875,339.48,42.8897421954875,336.47,42.9719339763096,339.03,42.9719339763096,336.55
42.9719339763096,338.89,42.9719339763096,336.43,43.0568654831588,337.8,43.0568654831588,336.43
43.0568654831588,337.97,43.0568654831588,336.61,43.133577811926,337.01,43.133577811926,336.32
43.133577811926,336.77,43.133577811926,336.08,43.2185093187752,336.27,43.2185093187752,336.2
43.2185093187752,336.24,43.2185093187752,336.18,43.3034408256246,335.29,43.3034408256246,336.1
43.3034408256246,334.96,43.3034408256246,335.78,43.3856326064465,334.02,43.3856326064465,336
43.3856326064465,333.93,43.3856326064465,335.93,43.4705641132959,332.73,43.4705641132959,335.9
43.4705641132959,332.56,43.4705641132959,335.74,43.5527558941178,332.71,43.5527558941178,335.81
43.5527558941178,332.77,43.5527558941178,335.86,43.637687400967,334.31,43.637687400967,335.71
43.637687400967,334.69,43.637687400967,336.06,43.7226189078165,336.29,43.7226189078165,335.61
43.7226189078165,336.55,43.7226189078165,335.84,43.8048106886383,337.75,43.8048106886383,335.5
43.8048106886383,337.91,43.8048106886383,335.64,43.8897421954875,338.38,43.8897421954875,335.38
43.8897421954875,338.02,43.8897421954875,335.02,43.9719339763096,337.74,43.9719339763096,335.27
43.9719339763096,337.76,43.9719339763096,335.31,44.0568654831588,336.51,44.0568654831588,335.14
44.0568654831588,336.65,44.0568654831588,335.29,44.133577811926,335.71,44.133577811926,335.02
44.133577811926,335.4,44.133577811926,334.71,44.2185093187752,334.96,44.2185093187752,334.89
44.2185093187752,334.98,44.2185093187752,334.92,44.3034408256246,333.95,44.3034408256246,334.75
44.3034408256246,333.86,44.3034408256246,334.67,44.3856326064465,332.64,44.3856326064465,334.61
44.3856326064465,332.41,44.3856326064465,334.41,44.4705641132959,331.3,44.4705641132959,334.47
44.4705641132959,331.17,44.4705641132959,334.35,44.5527558941178,331.23,44.5527558941178,334.32
44.5527558941178,331.6,44.5527558941178,334.68,44.637687400967,332.77,44.637687400967,334.16
44.637687400967,332.76,44.637687400967,334.12,44.7226189078165,334.68,44.7226189078165,334
44.7226189078165,334.93,44.7226189078165,334.22,44.8048106886383,336.07,44.8048106886383,333.83
44.8048106886383,336.28,44.8048106886383,334.02,44.8897421954875,336.64,44.8897421954875,333.65
44.8897421954875,336.76,44.8897421954875,333.77,44.9719339763096,335.93,44.9719339763096,333.47
44.9719339763096,336.08,44.9719339763096,333.63,45.0568654831588,334.65,45.0568654831588,333.28
45.0568654831588,334.71,45.0568654831588,333.36,45.133577811926,333.81,45.133577811926,333.12
45.133577811926,333.43,45.133577811926,332.75,45.2185093187752,333.02,45.2185093187752,332.94
45.2185093187752,332.94,45.2185093187752,332.88,45.3033210561807,331.99,45.3033210561807,332.78
45.3033210561807,331.69,45.3033210561807,332.51,45.3852882692956,330.68,45.3852882692956,332.64
45.3852882692956,330.32,45.3852882692956,332.3,45.4699877228475,329.36,45.4699877228475,332.51
45.4699877228475,328.95,45.4699877228475,332.11,45.5519549359622,329.31,45.5519549359622,332.4
45.5519549359622,329.31,45.5519549359622,332.39,45.6366543895142,330.88,45.6366543895142,332.3
45.6366543895142,330.95,45.6366543895142,332.33,45.721353843066,332.86,45.721353843066,332.21
45.721353843066,333.06,45.721353843066,332.38,45.8033210561807,334.33,45.8033210561807,332.12
45.8033210561807,334.34,45.8033210561807,332.11,45.8880205097328,335.02,45.8880205097328,332.04
45.8880205097328,334.89,45.8880205097328,331.91,45.9699877228475,334.44,45.9699877228475,331.96
45.9699877228475,334.59,45.9699877228475,332.13,46.0546871763993,333.27,46.0546871763993,331.88
46.0546871763993,333.5,46.0546871763993,332.13,46.1339221490769,332.49,46.1339221490769,331.81
46.1339221490769,332.58,46.1339221490769,331.9,46.2186216026289,331.8,46.2186216026289,331.73
46.2186216026289,331.76,46.2186216026289,331.7,46.3034408256246,330.85,46.3034408256246,331.65
46.3034408256246,330.77,46.3034408256246,331.58,46.3856326064465,329.61,46.3856326064465,331.57
46.3856326064465,329.5,46.3856326064465,331.48,46.4705641132959,328.34,46.4705641132959,331.48
46.4705641132959,328.35,46.4705641132959,331.51,46.5527558941178,328.32,46.5527558941178,331.4
46.5527558941178,328.56,46.5527558941178,331.62,46.637687400967,329.92,46.637687400967,331.31
46.637687400967,330.06,46.637687400967,331.42,46.7226189078165,331.89,46.7226189078165,331.21
46.7226189078165,331.91,46.7226189078165,331.21,46.8048106886383,333.34,46.8048106886383,331.12
46.8048106886383,333.61,46.8048106886383,331.37,46.8897421954875,333.99,46.8897421954875,331.02
46.8897421954875,333.98,46.8897421954875,331.01,46.9719339763096,333.37,46.9719339763096,330.92
46.9719339763096,333.32,46.9719339763096,330.89,47.0568654831588,332.18,47.0568654831588,330.83
47.0568654831588,332.04,47.0568654831588,330.7,47.133577811926,331.43,47.133577811926,330.75
47.133577811926,331.41,47.133577811926,330.74,47.2185093187752,330.74,47.2185093187752,330.67
47.2185093187752,330.41,47.2185093187752,330.35,47.3034408256246,329.8,47.3034408256246,330.59
47.3034408256246,329.58,47.3034408256246,330.39,47.3856326064465,328.58,47.3856326064465,330.53
47.3856326064465,328.46,47.3856326064465,330.44,47.4705641132959,327.34,47.4705641132959,330.47
47.4705641132959,327.38,47.4705641132959,330.53,47.5527558941178,327.36,47.5527558941178,330.42
47.5527558941178,327.44,47.5527558941178,330.49,47.637687400967,328.99,47.637687400967,330.37
47.637687400967,329.4,47.637687400967,330.75,47.7226189078165,330.99,47.7226189078165,330.32
47.7226189078165,331.18,47.7226189078165,330.48,47.8048106886383,332.49,47.8048106886383,330.27
47.8048106886383,332.26,47.8048106886383,330.02,47.8897421954875,333.19,47.8897421954875,330.23
47.8897421954875,333.1,47.8897421954875,330.13,47.9719339763096,332.63,47.9719339763096,330.19
47.9719339763096,332.65,47.9719339763096,330.23,48.0568654831588,331.5,48.0568654831588,330.15
48.0568654831588,331.49,48.0568654831588,330.15,48.133577811926,330.81,48.133577811926,330.12
48.133577811926,330.71,48.133577811926,330.04,48.2185093187752,330.17,48.2185093187752,330.1
48.2185093187752,329.36,48.2185093187752,329.3,48.3034408256246,329.29,48.3034408256246,330.08
48.3034408256246,328.65,48.3034408256246,329.45,48.3856326064465,328.1,48.3856326064465,330.05
48.3856326064465,328.16,48.3856326064465,330.13,48.4705641132959,326.89,48.4705641132959,330.02
48.4705641132959,327.19,48.4705641132959,330.33,48.5527558941178,326.91,48.5527558941178,329.96
48.5527558941178,327.52,48.5527558941178,330.56,48.637687400967,328.51,48.637687400967,329.89
48.637687400967,329.31,48.637687400967,330.65,48.7226189078165,330.45,48.7226189078165,329.78
48.7226189078165,330.87,48.7226189078165,330.17,48.8048106886383,331.86,48.8048106886383,329.64
48.8048106886383,332.07,48.8048106886383,329.84,48.8897421954875,332.43,48.8897421954875,329.48
48.8897421954875,332.48,48.8897421954875,329.53,48.9719339763096,331.74,48.9719339763096,329.31
48.9719339763096,331.5,48.9719339763096,329.09,49.0568654831588,330.46,49.0568654831588,329.11
49.0568654831588,330.3,49.0568654831588,328.97,49.133577811926,329.61,49.133577811926,328.93
49.133577811926,329.56,49.133577811926,328.89,49.2185093187752,328.79,49.2185093187752,328.72
49.2185093187752,328.55,49.2185093187752,328.49,49.3033210561807,327.73,49.3033210561807,328.51
49.3033210561807,327.55,49.3033210561807,328.36,49.3852882692956,326.37,49.3852882692956,328.31
49.3852882692956,326.5,49.3852882692956,328.46,49.4699877228475,325,49.4699877228475,328.11
49.4699877228475,325.2,49.4699877228475,328.32,49.5519549359622,324.86,49.5519549359622,327.91
49.5519549359622,324.84,49.5519549359622,327.88,49.6366543895142,326.32,49.6366543895142,327.72
49.6366543895142,326.32,49.6366543895142,327.69,49.721353843066,328.18,49.721353843066,327.54
49.721353843066,328.04,49.721353843066,327.37,49.8033210561807,329.56,49.8033210561807,327.38
49.8033210561807,329.09,49.8033210561807,326.88,49.8880205097328,330.17,49.8880205097328,327.23
49.8880205097328,330.07,49.8880205097328,327.13,49.9699877228475,329.54,49.9699877228475,327.1
49.9699877228475,329.72,49.9699877228475,327.29,50.0546871763993,328.35,50.0546871763993,326.98
50.0546871763993,327.75,50.0546871763993,326.4,50.1339221490769,327.56,50.1339221490769,326.88
50.1339221490769,327.63,50.1339221490769,326.97,50.2186216026289,326.85,50.2186216026289,326.79
50.2186216026289,326.77,50.2186216026289,326.71,50.3034408256246,325.92,50.3034408256246,326.7
50.3034408256246,326.01,50.3034408256246,326.81,50.3856326064465,324.69,50.3856326064465,326.62
50.3856326064465,324.8,50.3856326064465,326.75,50.4705641132959,323.44,50.4705641132959,326.55
50.4705641132959,323.56,50.4705641132959,326.68,50.5527558941178,323.44,50.5527558941178,326.48
50.5527558941178,323.36,50.5527558941178,326.38,50.637687400967,325.04,50.637687400967,326.4
50.637687400967,325.43,50.637687400967,326.76,50.7226189078165,327,50.7226189078165,326.33
50.7226189078165,327.36,50.7226189078165,326.66,50.8048106886383,328.46,50.8048106886383,326.26
50.8048106886383,328.57,50.8048106886383,326.35,50.8897421954875,329.13,50.8897421954875,326.2
50.8897421954875,328.93,50.8897421954875,325.99,50.9719339763096,328.55,50.9719339763096,326.14
50.9719339763096,327.79,50.9719339763096,325.39,51.0568654831588,327.43,51.0568654831588,326.09
51.0568654831588,327.18,51.0568654831588,325.85,51.133577811926,326.72,51.133577811926,326.05
51.133577811926,326.68,51.133577811926,326.02,51.2185093187752,326.08,51.2185093187752,326.01
51.2185093187752,326.17,51.2185093187752,326.12,51.3034408256246,325.19,51.3034408256246,325.97
51.3034408256246,325.13,51.3034408256246,325.93,51.3856326064465,324,51.3856326064465,325.93
51.3856326064465,324.01,51.3856326064465,325.96,51.4705641132959,322.79,51.4705641132959,325.89
51.4705641132959,323.07,51.4705641132959,326.17,51.5527558941178,322.81,51.5527558941178,325.84
51.5527558941178,323.1,51.5527558941178,326.11,51.637687400967,324.41,51.637687400967,325.77
51.637687400967,324.68,51.637687400967,326.01,51.7226189078165,326.37,51.7226189078165,325.7
51.7226189078165,326.34,51.7226189078165,325.65,51.8048106886383,327.82,51.8048106886383,325.63
51.8048106886383,327.67,51.8048106886383,325.46,51.8897421954875,328.48,51.8897421954875,325.55
51.8897421954875,328.08,51.8897421954875,325.16,51.9719339763096,327.89,51.9719339763096,325.48
51.9719339763096,328.13,51.9719339763096,325.75,52.0568654831588,326.73,52.0568654831588,325.4
52.0568654831588,326.93,52.0568654831588,325.61,52.133577811926,326,52.133577811926,325.33
52.133577811926,325.99,52.133577811926,325.32,52.2185093187752,325.31,52.2185093187752,325.24
52.2185093187752,325.06,52.2185093187752,325,52.3034408256246,324.38,52.3034408256246,325.16
52.3034408256246,324.11,52.3034408256246,324.91,52.3856326064465,323.16,52.3856326064465,325.08
52.3856326064465,322.85,52.3856326064465,324.8,52.4705641132959,321.91,52.4705641132959,324.99
52.4705641132959,321.78,52.4705641132959,324.88,52.5527558941178,321.89,52.5527558941178,324.91
52.5527558941178,322.38,52.5527558941178,325.38,52.637687400967,323.45,52.637687400967,324.81
52.637687400967,323.66,52.637687400967,324.99,52.7226189078165,325.35,52.7226189078165,324.69
52.7226189078165,325.88,52.7226189078165,325.19,52.8048106886383,326.76,52.8048106886383,324.57
52.8048106886383,326.71,52.8048106886383,324.51,52.8897421954875,327.35,52.8897421954875,324.44
52.8897421954875,327.38,52.8897421954875,324.47,52.9719339763096,326.7,52.9719339763096,324.31
52.9719339763096,326.66,52.9719339763096,324.28,53.0568654831588,325.49,53.0568654831588,324.16
53.0568654831588,325.63,53.0568654831588,324.32,53.133577811926,324.7,53.133577811926,324.03
53.133577811926,324.41,53.133577811926,323.75,53.2185093187752,323.96,53.2185093187752,323.89
53.2185093187752,324,53.2185093187752,323.95,53.3033210561807,322.97,53.3033210561807,323.75
53.3033210561807,322.89,53.3033210561807,323.68,53.3852882692956,321.71,53.3852882692956,323.62
53.3852882692956,321.32,53.3852882692956,323.26,53.4699877228475,320.42,53.4699877228475,323.49
53.4699877228475,320.25,53.4699877228475,323.33,53.5519549359622,320.36,53.5519549359622,323.37
53.5519549359622,320.33,53.5519549359622,323.32,53.6366543895142,321.88,53.6366543895142,323.26
53.6366543895142,322.11,53.6366543895142,323.45,53.721353843066,323.77,53.721353843066,323.14
53.721353843066,324.14,53.721353843066,323.48,53.8033210561807,325.19,53.8033210561807,323.03
53.8033210561807,325.36,53.8033210561807,323.18,53.8880205097328,325.83,53.8880205097328,322.93
53.8880205097328,325.57,53.8880205097328,322.67,53.9699877228475,325.24,53.9699877228475,322.83
53.9699877228475,325.02,53.9699877228475,322.62,54.0546871763993,324.08,54.0546871763993,322.73
54.0546871763993,323.89,54.0546871763993,322.55,54.1339221490769,323.32,54.1339221490769,322.65
54.1339221490769,323.15,54.1339221490769,322.49,54.2186216026289,322.64,54.2186216026289,322.57
54.2186216026289,322.57,54.2186216026289,322.51,54.3034408256246,321.72,54.3034408256246,322.5
54.3034408256246,321.95,54.3034408256246,322.75,54.3856326064465,320.51,54.3856326064465,322.42
54.3856326064465,320.72,54.3856326064465,322.65,54.4705641132959,319.29,54.4705641132959,322.35
54.4705641132959,319.39,54.4705641132959,322.47,54.5527558941178,319.28,54.5527558941178,322.28
54.5527558941178,319.25,54.5527558941178,322.23,54.637687400967,320.86,54.637687400967,322.21
54.637687400967,320.92,54.637687400967,322.23,54.7226189078165,322.8,54.7226189078165,322.14
54.7226189078165,322.54,54.7226189078165,321.86,54.8048106886383,324.25,54.8048106886383,322.08
54.8048106886383,324.09,54.8048106886383,321.9,54.8897421954875,324.91,54.8897421954875,322.02
54.8897421954875,325,54.8897421954875,322.11,54.9719339763096,324.35,54.9719339763096,321.96
54.9719339763096,324.41,54.9719339763096,322.05,55.0568654831588,323.23,55.0568654831588,321.91
55.0568654831588,323.03,55.0568654831588,321.73,55.133577811926,322.53,55.133577811926,321.86
55.133577811926,322.5,55.133577811926,321.84,55.2185093187752,321.87,55.2185093187752,321.8
55.2185093187752,322.33,55.2185093187752,322.27,55.3034408256246,320.97,55.3034408256246,321.74
55.3034408256246,321.02,55.3034408256246,321.81,55.3856326064465,319.78,55.3856326064465,321.69
55.3856326064465,319.78,55.3856326064465,321.71,55.4705641132959,318.57,55.4705641132959,321.62
55.4705641132959,318.1,55.4705641132959,321.17,55.5527558941178,318.57,55.5527558941178,321.56
55.5527558941178,318.64,55.5527558941178,321.61,55.637687400967,320.14,55.637687400967,321.49
55.637687400967,320.36,55.637687400967,321.67,55.7226189078165,322.06,55.7226189078165,321.41
55.7226189078165,322.38,55.7226189078165,321.69,55.8048106886383,323.48,55.8048106886383,321.32
55.8048106886383,323.75,55.8048106886383,321.57,55.8897421954875,324.11,55.8897421954875,321.23
55.8897421954875,324.08,55.8897421954875,321.19,55.9719339763096,323.5,55.9719339763096,321.12
55.9719339763096,323.7,55.9719339763096,321.34,56.0568654831588,322.33,56.0568654831588,321.01
56.0568654831588,322.39,56.0568654831588,321.08,56.133577811926,321.57,56.133577811926,320.91
56.133577811926,321.6,56.133577811926,320.94,56.2185093187752,320.85,56.2185093187752,320.79
56.2185093187752,320.63,56.2185093187752,320.57,56.3034408256246,319.9,56.3034408256246,320.67
56.3034408256246,319.42,56.3034408256246,320.2,56.3856326064465,318.66,56.3856326064465,320.55
56.3856326064465,318.87,56.3856326064465,320.78,56.4705641132959,317.39,56.4705641132959,320.44
56.4705641132959,317.3,56.4705641132959,320.36,56.5527558941178,317.35,56.5527558941178,320.33
56.5527558941178,317.82,56.5527558941178,320.77,56.637687400967,318.87,56.637687400967,320.21
56.637687400967,318.87,56.637687400967,320.17,56.7226189078165,320.76,56.7226189078165,320.1
56.7226189078165,321.21,56.7226189078165,320.52,56.8048106886383,322.16,56.8048106886383,320
56.8048106886383,321.87,56.8048106886383,319.7,56.8897421954875,322.78,56.8897421954875,319.91
56.8897421954875,322.17,56.8897421954875,319.29,56.9719339763096,322.2,56.9719339763096,319.83
56.9719339763096,322.14,56.9719339763096,319.79,57.0568654831588,321.08,57.0568654831588,319.77
57.0568654831588,320.89,57.0568654831588,319.59,57.133577811926,320.39,57.133577811926,319.72
57.133577811926,320.44,57.133577811926,319.79,57.2185093187752,319.75,57.2185093187752,319.69
57.2185093187752,319.44,57.2185093187752,319.38,57.3033210561807,318.89,57.3033210561807,319.66
57.3033210561807,318.71,57.3033210561807,319.49,57.3852882692956,317.75,57.3852882692956,319.64
57.3852882692956,317.68,57.3852882692956,319.59,57.4699877228475,316.6,57.4699877228475,319.62
57.4699877228475,316.87,57.4699877228475,319.91,57.5519549359622,316.63,57.5519549359622,319.61
57.5519549359622,316.71,57.5519549359622,319.66,57.6366543895142,318.22,57.6366543895142,319.59
57.6366543895142,318.69,57.6366543895142,320.02,57.721353843066,320.18,57.721353843066,319.56
57.721353843066,320.44,57.721353843066,319.79,57.8033210561807,321.66,57.8033210561807,319.53
57.8033210561807,321.89,57.8033210561807,319.75,57.8880205097328,322.36,57.8880205097328,319.49
57.8880205097328,322.25,57.8880205097328,319.39,57.9699877228475,321.84,57.9699877228475,319.46
58.2186216026289,319.57,58.2186216026289,319.52,58.0546871763993,320.74,58.0546871763993,319.41
58.3034408256246,318.35,58.3034408256246,319.13,58.1339221490769,320.03,58.1339221490769,319.37
58.3856326064465,317.07,58.3856326064465,318.97,58.2186216026289,319.39,58.2186216026289,319.32
58.4705641132959,315.99,58.4705641132959,319.02,58.3034408256246,318.51,58.3034408256246,319.28
58.5527558941178,316.21,58.5527558941178,319.15,58.3856326064465,317.35,58.3856326064465,319.23
58.637687400967,317.77,58.637687400967,319.07,58.4705641132959,316.16,58.4705641132959,319.19
58.7226189078165,319.74,58.7226189078165,319.06,58.5527558941178,316.19,58.5527558941178,319.15
58.8048106886383,321.48,58.8048106886383,319.32,58.637687400967,317.77,58.637687400967,319.1
58.8897421954875,322.25,58.8897421954875,319.39,58.7226189078165,319.71,58.7226189078165,319.06
58.9719339763096,321.38,58.9719339763096,319.05,58.8048106886383,321.16,58.8048106886383,319.02
59.0568654831588,319.86,59.0568654831588,318.57,58.8897421954875,321.82,58.8897421954875,318.96
59.133577811926,319.06,59.133577811926,318.42,58.9719339763096,321.26,58.9719339763096,318.91
59.2185093187752,318.74,59.2185093187752,318.68,59.0568654831588,320.16,59.0568654831588,318.86
59.3034408256246,317.7,59.3034408256246,318.48,59.133577811926,319.47,59.133577811926,318.81
59.3856326064465,316.69,59.3856326064465,318.59,59.2185093187752,318.83,59.2185093187752,318.76
59.4705641132959,315.42,59.4705641132959,318.44,59.3034408256246,317.96,59.3034408256246,318.72
59.5527558941178,316.24,59.5527558941178,319.17,59.3856326064465,316.8,59.3856326064465,318.68
59.637687400967,317.4,59.637687400967,318.7,59.4705641132959,315.63,59.4705641132959,318.64
59.7226189078165,319.61,59.7226189078165,318.94,59.5527558941178,315.66,59.5527558941178,318.6
59.8048106886383,320.62,59.8048106886383,318.47,59.637687400967,317.23,59.637687400967,318.56
59.8897421954875,321.02,59.8897421954875,318.17,59.7226189078165,319.15,59.7226189078165,318.51
59.9719339763096,320.57,59.9719339763096,318.24,59.8048106886383,320.58,59.8048106886383,318.45
60.0568654831588,319.68,60.0568654831588,318.4,59.8897421954875,321.23,59.8897421954875,318.39
60.133577811926,318.55,60.133577811926,317.9,59.9719339763096,320.67,59.9719339763096,318.32
60.2185093187752,317.94,60.2185093187752,317.88,60.0568654831588,319.56,60.0568654831588,318.26
60.3034408256246,317.01,60.3034408256246,317.78,60.133577811926,318.85,60.133577811926,318.2
60.3856326064465,316.1,60.3856326064465,318,60.2185093187752,318.2,60.2185093187752,318.13
60.4705641132959,315.31,60.4705641132959,318.32,60.3034408256246,317.3,60.3034408256246,318.06
60.5527558941178,314.99,60.5527558941178,317.9,60.3856326064465,316.12,60.3856326064465,317.99
60.637687400967,316.79,60.637687400967,318.08,60.4705641132959,314.92,60.4705641132959,317.92
60.7226189078165,318.56,60.7226189078165,317.89,60.5527558941178,314.92,60.5527558941178,317.85
60.8048106886383,319.77,60.8048106886383,317.63,60.637687400967,316.44,60.637687400967,317.77
60.8897421954875,320.58,60.8897421954875,317.75,60.7226189078165,318.32,60.7226189078165,317.68
60.9719339763096,319.48,60.9719339763096,317.16,60.8048106886383,319.72,60.8048106886383,317.59
61.0568654831588,318.54,61.0568654831588,317.26,60.8897421954875,320.34,60.8897421954875,317.5
61.133577811926,317.7,61.133577811926,317.06,60.9719339763096,319.75,60.9719339763096,317.42
61.2185093187752,316.89,61.2185093187752,316.84,61.0568654831588,318.63,61.0568654831588,317.33
61.3033210561807,316.19,61.3033210561807,316.96,61.133577811926,317.92,61.133577811926,317.27
61.3852882692956,315,61.3852882692956,316.88,61.2185093187752,317.27,61.2185093187752,317.2
61.4699877228475,313.83,61.4699877228475,316.83,61.3033210561807,316.4,61.3033210561807,317.15
61.5519549359622,314.17,61.5519549359622,317.08,61.3852882692956,315.25,61.3852882692956,317.11
61.6366543895142,315.9,61.6366543895142,317.21,61.4699877228475,314.09,61.4699877228475,317.08
61.721353843066,318.18,61.721353843066,317.53,61.5519549359622,314.12,61.5519549359622,317.05
61.8033210561807,319.58,61.8033210561807,317.47,61.6366543895142,315.67,61.6366543895142,317.02
61.8880205097328,320.04,61.8880205097328,317.21,61.721353843066,317.59,61.721353843066,316.98
61.9699877228475,319.03,61.9699877228475,316.7,61.8033210561807,319.03,61.8033210561807,316.93
62.0546871763993,317.58,62.0546871763993,316.28,61.8880205097328,319.69,61.8880205097328,316.87
62.1339221490769,316.98,62.1339221490769,316.34,61.9699877228475,319.14,61.9699877228475,316.8
62.2186216026289,316.43,62.2186216026289,316.38,62.0546871763993,318.03,62.0546871763993,316.72
62.3034408256246,315.58,62.3034408256246,316.35,62.1339221490769,317.29,62.1339221490769,316.64
62.3856326064465,314.81,62.3856326064465,316.69,62.2186216026289,316.63,62.2186216026289,316.56
62.4705641132959,313.33,62.4705641132959,316.33,62.3034408256246,315.72,62.3034408256246,316.48
62.5527558941178,313.84,62.5527558941178,316.74,62.3856326064465,314.54,62.3856326064465,316.4
62.637687400967,314.8,62.637687400967,316.08,62.4705641132959,313.33,62.4705641132959,316.31
62.7226189078165,316.54,62.7226189078165,315.87,62.5527558941178,313.31,62.5527558941178,316.22
62.8048106886383,318.15,62.8048106886383,316.02,62.637687400967,314.81,62.637687400967,316.13
62.8897421954875,318.29,62.8897421954875,315.48,62.7226189078165,316.67,62.7226189078165,316.03
62.9719339763096,317.72,62.9719339763096,315.42,62.8048106886383,318.05,62.8048106886383,315.94
63.0568654831588,316.65,63.0568654831588,315.38,62.8897421954875,318.67,62.8897421954875,315.85
63.133577811926,316.49,63.133577811926,315.85,62.9719339763096,318.09,62.9719339763096,315.77
63.2185093187752,315.58,63.2185093187752,315.52,63.0568654831588,316.98,63.0568654831588,315.7
63.3034408256246,314.67,63.3034408256246,315.44,63.133577811926,316.28,63.133577811926,315.63
63.3856326064465,313.33,63.3856326064465,315.2,63.2185093187752,315.64,63.2185093187752,315.57
63.5527558941178,313.21,63.5527558941178,316.1,63.3034408256246,314.76,63.3034408256246,315.52
63.637687400967,314.93,63.637687400967,316.2,63.3856326064465,313.61,63.3856326064465,315.46
63.7226189078165,315.86,63.7226189078165,315.2,63.4705641132959,312.44,63.4705641132959,315.41
63.8897421954875,317.51,63.8897421954875,314.7,63.5527558941178,312.45,63.5527558941178,315.35
63.9719339763096,317.45,63.9719339763096,315.16,63.637687400967,313.98,63.637687400967,315.29
64.0568654831588,315.71,64.0568654831588,314.44,63.7226189078165,315.86,63.7226189078165,315.22
NaN,NaN,NaN,NaN,63.8048106886383,317.25,63.8048106886383,315.15
NaN,NaN,NaN,NaN,63.8897421954875,317.87,63.8897421954875,315.07
NaN,NaN,NaN,NaN,63.9719339763096,317.3,63.9719339763096,314.99
NaN,NaN,NaN,NaN,64.0568654831588,316.19,64.0568654831588,314.91
