date,co2,date_seas_adj,co2_seas_adj,date_fit,co2_fit,date_seas_adj_fit,co2_seas_adj_fit
1958.20273972603,315.71,1958.20273972603,314.44,1958.20273972603,316.19,1958.20273972603,314.91
1958.28767123288,317.45,1958.28767123288,315.16,1958.28767123288,317.3,1958.28767123288,314.99
1958.3698630137,317.51,1958.3698630137,314.71,1958.3698630137,317.86,1958.3698630137,315.06
1958.53698630137,315.86,1958.53698630137,315.2,1958.45479452055,317.24,1958.45479452055,315.14
1958.62191780822,314.93,1958.62191780822,316.2,1958.53698630137,315.85,1958.53698630137,315.21
1958.70684931507,313.21,1958.70684931507,316.09,1958.62191780822,313.98,1958.62191780822,315.29
1958.87397260274,313.33,1958.87397260274,315.2,1958.70684931507,312.45,1958.70684931507,315.35
1958.95616438356,314.67,1958.95616438356,315.43,1958.78904109589,312.44,1958.78904109589,315.4
1959.04109589041,315.58,1959.04109589041,315.53,1958.87397260274,313.61,1958.87397260274,315.46
1959.12602739726,316.49,1959.12602739726,315.85,1958.95616438356,314.76,1958.95616438356,315.51
1959.20273972603,316.65,1959.20273972603,315.37,1959.04109589041,315.63,1959.04109589041,315.57
1959.28767123288,317.72,1959.28767123288,315.42,1959.12602739726,316.28,1959.12602739726,315.63
1959.3698630137,318.29,1959.3698630137,315.48,1959.20273972603,316.98,1959.20273972603,315.69
1959.45479452055,318.15,1959.45479452055,316.02,1959.28767123288,318.08,1959.28767123288,315.76
1959.53698630137,316.54,1959.53698630137,315.87,1959.3698630137,318.65,1959.3698630137,315.84
1959.62191780822,314.8,1959.62191780822,316.08,1959.45479452055,318.04,1959.45479452055,315.93
1959.70684931507,313.84,1959.70684931507,316.73,1959.53698630137,316.66,1959.53698630137,316.02
1959.78904109589,313.34,1959.78904109589,316.32,1959.62191780822,314.81,1959.62191780822,316.12
1959.87397260274,314.81,1959.87397260274,316.69,1959.70684931507,313.31,1959.70684931507,316.21
1959.95616438356,315.58,1959.95616438356,316.35,1959.78904109589,313.32,1959.78904109589,316.3
1960.04098360656,316.43,1960.04098360656,316.38,1959.87397260274,314.53,1959.87397260274,316.39
1960.12568306011,316.98,1960.12568306011,316.34,1959.95616438356,315.72,1959.95616438356,316.47
1960.20491803279,317.58,1960.20491803279,316.27,1960.04098360656,316.61,1960.04098360656,316.55
1960.28961748634,319.03,1960.28961748634,316.7,1960.12568306011,317.28,1960.12568306011,316.63
1960.37158469945,320.04,1960.37158469945,317.22,1960.20491803279,318.03,1960.20491803279,316.71
1960.45628415301,319.59,1960.45628415301,317.47,1960.28961748634,319.14,1960.28961748634,316.79
1960.53825136612,318.18,1960.53825136612,317.53,1960.37158469945,319.68,1960.37158469945,316.86
1960.62295081967,315.9,1960.62295081967,317.21,1960.45628415301,319.02,1960.45628415301,316.92
1960.70765027322,314.17,1960.70765027322,317.08,1960.53825136612,317.59,1960.53825136612,316.97
1960.78961748634,313.83,1960.78961748634,316.83,1960.62295081967,315.67,1960.62295081967,317.01
1960.87431693989,315,1960.87431693989,316.88,1960.70765027322,314.11,1960.70765027322,317.04
1960.95628415301,316.19,1960.95628415301,316.96,1960.78961748634,314.09,1960.78961748634,317.07
1961.04109589041,316.89,1961.04109589041,316.84,1960.87431693989,315.25,1960.87431693989,317.11
1961.12602739726,317.7,1961.12602739726,317.06,1960.95628415301,316.39,1960.95628415301,317.15
1961.20273972603,318.54,1961.20273972603,317.25,1961.04109589041,317.26,1961.04109589041,317.2
1961.28767123288,319.48,1961.28767123288,317.16,1961.12602739726,317.91,1961.12602739726,317.26
1961.3698630137,320.58,1961.3698630137,317.75,1961.20273972603,318.63,1961.20273972603,317.33
1961.45479452055,319.77,1961.45479452055,317.63,1961.28767123288,319.75,1961.28767123288,317.41
1961.53698630137,318.56,1961.53698630137,317.89,1961.3698630137,320.32,1961.3698630137,317.5
1961.62191780822,316.79,1961.62191780822,318.08,1961.45479452055,319.71,1961.45479452055,317.59
1961.70684931507,314.99,1961.70684931507,317.9,1961.53698630137,318.32,1961.53698630137,317.67
1961.78904109589,315.31,1961.78904109589,318.32,1961.62191780822,316.44,1961.62191780822,317.76
1961.87397260274,316.1,1961.87397260274,317.99,1961.70684931507,314.91,1961.70684931507,317.84
1961.95616438356,317.01,1961.95616438356,317.78,1961.78904109589,314.92,1961.78904109589,317.92
1962.04109589041,317.94,1962.04109589041,317.89,1961.87397260274,316.12,1961.87397260274,317.99
1962.12602739726,318.55,1962.12602739726,317.9,1961.95616438356,317.3,1961.95616438356,318.05
1962.20273972603,319.68,1962.20273972603,318.39,1962.04109589041,318.18,1962.04109589041,318.12
1962.28767123288,320.57,1962.28767123288,318.24,1962.12602739726,318.84,1962.12602739726,318.19
1962.3698630137,321.02,1962.3698630137,318.18,1962.20273972603,319.56,1962.20273972603,318.25
1962.45479452055,320.62,1962.45479452055,318.47,1962.28767123288,320.66,1962.28767123288,318.32
1962.53698630137,319.61,1962.53698630137,318.94,1962.3698630137,321.22,1962.3698630137,318.38
1962.62191780822,317.4,1962.62191780822,318.7,1962.45479452055,320.58,1962.45479452055,318.44
1962.70684931507,316.24,1962.70684931507,319.17,1962.53698630137,319.15,1962.53698630137,318.5
1962.78904109589,315.42,1962.78904109589,318.44,1962.62191780822,317.23,1962.62191780822,318.55
1962.87397260274,316.69,1962.87397260274,318.59,1962.70684931507,315.66,1962.70684931507,318.6
1962.95616438356,317.7,1962.95616438356,318.48,1962.78904109589,315.63,1962.78904109589,318.64
1963.04109589041,318.74,1963.04109589041,318.69,1962.87397260274,316.8,1962.87397260274,318.68
1963.12602739726,319.07,1963.12602739726,318.42,1962.95616438356,317.95,1962.95616438356,318.71
1963.20273972603,319.86,1963.20273972603,318.57,1963.04109589041,318.82,1963.04109589041,318.76
1963.28767123288,321.38,1963.28767123288,319.05,1963.12602739726,319.46,1963.12602739726,318.81
1963.3698630137,322.25,1963.3698630137,319.4,1963.20273972603,320.16,1963.20273972603,318.85
1963.45479452055,321.48,1963.45479452055,319.32,1963.28767123288,321.26,1963.28767123288,318.91
1963.53698630137,319.74,1963.53698630137,319.06,1963.3698630137,321.81,1963.3698630137,318.96
1963.62191780822,317.77,1963.62191780822,319.06,1963.45479452055,321.15,1963.45479452055,319.01
1963.70684931507,316.21,1963.70684931507,319.14,1963.53698630137,319.7,1963.53698630137,319.05
1963.78904109589,315.99,1963.78904109589,319.02,1963.62191780822,317.77,1963.62191780822,319.1
1963.87397260274,317.07,1963.87397260274,318.97,1963.70684931507,316.19,1963.70684931507,319.14
1963.95616438356,318.35,1963.95616438356,319.13,1963.78904109589,316.16,1963.78904109589,319.18
1964.04098360656,319.57,1964.04098360656,319.52,1963.87397260274,317.34,1963.87397260274,319.22
1964.37158469945,322.25,1964.37158469945,319.4,1963.95616438356,318.51,1963.95616438356,319.27
1964.45628415301,321.89,1964.45628415301,319.75,1964.04098360656,319.38,1964.04098360656,319.32
1964.53825136612,320.44,1964.53825136612,319.79,1964.12568306011,320.02,1964.12568306011,319.36
1964.62295081967,318.69,1964.62295081967,320.02,1964.20491803279,320.74,1964.20491803279,319.41
1964.70765027322,316.71,1964.70765027322,319.66,1964.28961748634,321.83,1964.28961748634,319.45
1964.78961748634,316.87,1964.78961748634,319.91,1964.37158469945,322.34,1964.37158469945,319.49
1964.87431693989,317.68,1964.87431693989,319.59,1964.45628415301,321.65,1964.45628415301,319.52
1964.95628415301,318.71,1964.95628415301,319.49,1964.53825136612,320.18,1964.53825136612,319.55
1965.04109589041,319.44,1965.04109589041,319.39,1964.62295081967,318.22,1964.62295081967,319.58
1965.12602739726,320.44,1965.12602739726,319.79,1964.70765027322,316.63,1964.70765027322,319.6
1965.20273972603,320.89,1965.20273972603,319.59,1964.78961748634,316.59,1964.78961748634,319.62
1965.28767123288,322.14,1965.28767123288,319.78,1964.87431693989,317.75,1964.87431693989,319.63
1965.3698630137,322.17,1965.3698630137,319.3,1964.95628415301,318.89,1964.95628415301,319.65
1965.45479452055,321.87,1965.45479452055,319.7,1965.04109589041,319.74,1965.04109589041,319.68
1965.53698630137,321.21,1965.53698630137,320.52,1965.12602739726,320.38,1965.12602739726,319.72
1965.62191780822,318.87,1965.62191780822,320.17,1965.20273972603,321.08,1965.20273972603,319.77
1965.70684931507,317.82,1965.70684931507,320.77,1965.28767123288,322.2,1965.28767123288,319.83
1965.78904109589,317.3,1965.78904109589,320.35,1965.3698630137,322.77,1965.3698630137,319.9
1965.87397260274,318.87,1965.87397260274,320.78,1965.45479452055,322.15,1965.45479452055,320
1965.95616438356,319.42,1965.95616438356,320.2,1965.53698630137,320.75,1965.53698630137,320.1
1966.04109589041,320.62,1966.04109589041,320.57,1965.62191780822,318.87,1965.62191780822,320.21
1966.12602739726,321.6,1966.12602739726,320.94,1965.70684931507,317.35,1965.70684931507,320.32
1966.20273972603,322.39,1966.20273972603,321.08,1965.78904109589,317.39,1965.78904109589,320.43
1966.28767123288,323.7,1966.28767123288,321.34,1965.87397260274,318.65,1965.87397260274,320.55
1966.3698630137,324.08,1966.3698630137,321.2,1965.95616438356,319.89,1965.95616438356,320.66
1966.45479452055,323.75,1966.45479452055,321.57,1966.04109589041,320.84,1966.04109589041,320.78
1966.53698630137,322.38,1966.53698630137,321.69,1966.12602739726,321.56,1966.12602739726,320.9
1966.62191780822,320.36,1966.62191780822,321.67,1966.20273972603,322.33,1966.20273972603,321.01
1966.70684931507,318.64,1966.70684931507,321.6,1966.28767123288,323.49,1966.28767123288,321.12
1966.78904109589,318.1,1966.78904109589,321.17,1966.3698630137,324.1,1966.3698630137,321.22
1966.87397260274,319.78,1966.87397260274,321.71,1966.45479452055,323.47,1966.45479452055,321.32
1966.95616438356,321.02,1966.95616438356,321.81,1966.53698630137,322.05,1966.53698630137,321.4
1967.04109589041,322.33,1967.04109589041,322.28,1966.62191780822,320.13,1966.62191780822,321.48
1967.12602739726,322.5,1967.12602739726,321.84,1966.70684931507,318.57,1966.70684931507,321.55
1967.20273972603,323.03,1967.20273972603,321.72,1966.78904109589,318.56,1966.78904109589,321.61
1967.28767123288,324.42,1967.28767123288,322.05,1966.87397260274,319.78,1966.87397260274,321.68
1967.3698630137,325,1967.3698630137,322.11,1966.95616438356,320.97,1966.95616438356,321.74
1967.45479452055,324.09,1967.45479452055,321.91,1967.04109589041,321.86,1967.04109589041,321.8
1967.53698630137,322.54,1967.53698630137,321.86,1967.12602739726,322.52,1967.12602739726,321.85
1967.62191780822,320.92,1967.62191780822,322.23,1967.20273972603,323.23,1967.20273972603,321.9
1967.70684931507,319.25,1967.70684931507,322.23,1967.28767123288,324.34,1967.28767123288,321.96
1967.78904109589,319.39,1967.78904109589,322.46,1967.3698630137,324.9,1967.3698630137,322.01
1967.87397260274,320.72,1967.87397260274,322.65,1967.45479452055,324.24,1967.45479452055,322.07
1967.95616438356,321.95,1967.95616438356,322.75,1967.53698630137,322.79,1967.53698630137,322.13
1968.04098360656,322.57,1968.04098360656,322.52,1967.62191780822,320.85,1967.62191780822,322.2
1968.12568306011,323.15,1968.12568306011,322.49,1967.70684931507,319.28,1967.70684931507,322.27
1968.20491803279,323.89,1968.20491803279,322.55,1967.78904109589,319.28,1967.78904109589,322.34
1968.28961748634,325.02,1968.28961748634,322.62,1967.87397260274,320.51,1967.87397260274,322.42
1968.37158469945,325.57,1968.37158469945,322.67,1967.95616438356,321.72,1967.95616438356,322.49
1968.45628415301,325.36,1968.45628415301,323.19,1968.04098360656,322.63,1968.04098360656,322.57
1968.53825136612,324.14,1968.53825136612,323.48,1968.12568306011,323.31,1968.12568306011,322.65
1968.62295081967,322.11,1968.62295081967,323.45,1968.20491803279,324.08,1968.20491803279,322.73
1968.70765027322,320.33,1968.70765027322,323.32,1968.28961748634,325.24,1968.28961748634,322.82
1968.78961748634,320.25,1968.78961748634,323.33,1968.37158469945,325.82,1968.37158469945,322.92
1968.87431693989,321.32,1968.87431693989,323.26,1968.45628415301,325.18,1968.45628415301,323.03
1968.95628415301,322.89,1968.95628415301,323.68,1968.53825136612,323.77,1968.53825136612,323.14
1969.04109589041,324,1969.04109589041,323.95,1968.62295081967,321.87,1968.62295081967,323.25
1969.12602739726,324.41,1969.12602739726,323.75,1968.70765027322,320.36,1968.70765027322,323.37
1969.20273972603,325.63,1969.20273972603,324.31,1968.78961748634,320.42,1968.78961748634,323.48
1969.28767123288,326.66,1969.28767123288,324.28,1968.87431693989,321.7,1968.87431693989,323.61
1969.3698630137,327.38,1969.3698630137,324.47,1968.95628415301,322.97,1968.95628415301,323.74
1969.45479452055,326.71,1969.45479452055,324.51,1969.04109589041,323.95,1969.04109589041,323.88
1969.53698630137,325.88,1969.53698630137,325.19,1969.12602739726,324.7,1969.12602739726,324.03
1969.62191780822,323.66,1969.62191780822,324.99,1969.20273972603,325.49,1969.20273972603,324.16
1969.70684931507,322.38,1969.70684931507,325.37,1969.28767123288,326.7,1969.28767123288,324.3
1969.78904109589,321.78,1969.78904109589,324.88,1969.3698630137,327.34,1969.3698630137,324.43
1969.87397260274,322.85,1969.87397260274,324.8,1969.45479452055,326.75,1969.45479452055,324.57
1969.95616438356,324.11,1969.95616438356,324.91,1969.53698630137,325.35,1969.53698630137,324.69
1970.04109589041,325.06,1970.04109589041,325.01,1969.62191780822,323.44,1969.62191780822,324.8
1970.12602739726,325.99,1970.12602739726,325.32,1969.70684931507,321.89,1969.70684931507,324.9
1970.20273972603,326.93,1970.20273972603,325.6,1969.78904109589,321.91,1969.78904109589,324.99
1970.28767123288,328.13,1970.28767123288,325.74,1969.87397260274,323.15,1969.87397260274,325.07
1970.3698630137,328.08,1970.3698630137,325.16,1969.95616438356,324.37,1969.95616438356,325.15
1970.45479452055,327.67,1970.45479452055,325.46,1970.04109589041,325.3,1970.04109589041,325.24
1970.53698630137,326.34,1970.53698630137,325.65,1970.12602739726,325.99,1970.12602739726,325.32
1970.62191780822,324.68,1970.62191780822,326.01,1970.20273972603,326.73,1970.20273972603,325.39
1970.70684931507,323.1,1970.70684931507,326.1,1970.28767123288,327.88,1970.28767123288,325.47
1970.78904109589,323.07,1970.78904109589,326.17,1970.3698630137,328.47,1970.3698630137,325.55
1970.87397260274,324.01,1970.87397260274,325.96,1970.45479452055,327.82,1970.45479452055,325.63
1970.95616438356,325.13,1970.95616438356,325.93,1970.53698630137,326.36,1970.53698630137,325.7
1971.04109589041,326.17,1971.04109589041,326.12,1970.62191780822,324.4,1970.62191780822,325.77
1971.12602739726,326.68,1971.12602739726,326.02,1970.70684931507,322.81,1970.70684931507,325.83
1971.20273972603,327.18,1971.20273972603,325.85,1970.78904109589,322.79,1970.78904109589,325.88
1971.28767123288,327.79,1971.28767123288,325.38,1970.87397260274,324,1970.87397260274,325.93
1971.3698630137,328.93,1971.3698630137,326,1970.95616438356,325.18,1970.95616438356,325.96
1971.45479452055,328.57,1971.45479452055,326.36,1971.04109589041,326.07,1971.04109589041,326
1971.53698630137,327.36,1971.53698630137,326.66,1971.12602739726,326.72,1971.12602739726,326.04
1971.62191780822,325.43,1971.62191780822,326.76,1971.20273972603,327.43,1971.20273972603,326.08
1971.70684931507,323.36,1971.70684931507,326.38,1971.28767123288,328.55,1971.28767123288,326.13
1971.78904109589,323.56,1971.78904109589,326.68,1971.3698630137,329.12,1971.3698630137,326.19
1971.87397260274,324.8,1971.87397260274,326.75,1971.45479452055,328.45,1971.45479452055,326.26
1971.95616438356,326.01,1971.95616438356,326.81,1971.53698630137,326.99,1971.53698630137,326.33
1972.04098360656,326.77,1972.04098360656,326.72,1971.62191780822,325.03,1971.62191780822,326.4
1972.12568306011,327.63,1972.12568306011,326.97,1971.70684931507,323.44,1971.70684931507,326.47
1972.20491803279,327.75,1972.20491803279,326.39,1971.78904109589,323.44,1971.78904109589,326.54
1972.28961748634,329.72,1972.28961748634,327.29,1971.87397260274,324.68,1971.87397260274,326.62
1972.37158469945,330.07,1972.37158469945,327.13,1971.95616438356,325.91,1971.95616438356,326.69
1972.45628415301,329.09,1972.45628415301,326.88,1972.04098360656,326.84,1972.04098360656,326.78
1972.53825136612,328.04,1972.53825136612,327.37,1972.12568306011,327.55,1972.12568306011,326.87
1972.62295081967,326.32,1972.62295081967,327.69,1972.20491803279,328.35,1972.20491803279,326.97
1972.70765027322,324.84,1972.70765027322,327.87,1972.28961748634,329.54,1972.28961748634,327.09
1972.78961748634,325.2,1972.78961748634,328.32,1972.37158469945,330.16,1972.37158469945,327.23
1972.87431693989,326.5,1972.87431693989,328.46,1972.45628415301,329.56,1972.45628415301,327.38
1972.95628415301,327.55,1972.95628415301,328.36,1972.53825136612,328.18,1972.53825136612,327.54
1973.04109589041,328.55,1973.04109589041,328.49,1972.62295081967,326.32,1972.62295081967,327.72
1973.12602739726,329.56,1973.12602739726,328.9,1972.70765027322,324.86,1972.70765027322,327.91
1973.20273972603,330.3,1973.20273972603,328.96,1972.78961748634,324.99,1972.78961748634,328.1
1973.28767123288,331.5,1973.28767123288,329.09,1972.87431693989,326.37,1972.87431693989,328.31
1973.3698630137,332.48,1973.3698630137,329.53,1972.95628415301,327.72,1972.95628415301,328.51
1973.45479452055,332.07,1973.45479452055,329.84,1973.04109589041,328.78,1973.04109589041,328.71
1973.53698630137,330.87,1973.53698630137,330.17,1973.12602739726,329.6,1973.12602739726,328.92
1973.62191780822,329.31,1973.62191780822,330.65,1973.20273972603,330.46,1973.20273972603,329.1
1973.70684931507,327.52,1973.70684931507,330.56,1973.28767123288,331.73,1973.28767123288,329.3
1973.78904109589,327.19,1973.78904109589,330.32,1973.3698630137,332.42,1973.3698630137,329.47
1973.87397260274,328.16,1973.87397260274,330.13,1973.45479452055,331.85,1973.45479452055,329.63
1973.95616438356,328.65,1973.95616438356,329.45,1973.53698630137,330.44,1973.53698630137,329.77
1974.04109589041,329.36,1974.04109589041,329.31,1973.62191780822,328.5,1973.62191780822,329.88
1974.12602739726,330.71,1974.12602739726,330.04,1973.70684931507,326.91,1973.70684931507,329.96
1974.20273972603,331.49,1974.20273972603,330.14,1973.78904109589,326.89,1973.78904109589,330.01
1974.28767123288,332.65,1974.28767123288,330.23,1973.87397260274,328.1,1973.87397260274,330.05
1974.3698630137,333.1,1974.3698630137,330.14,1973.95616438356,329.28,1973.95616438356,330.07
1974.45479452055,332.26,1974.45479452055,330.02,1974.04109589041,330.16,1974.04109589041,330.09
1974.53698630137,331.18,1974.53698630137,330.48,1974.12602739726,330.8,1974.12602739726,330.12
1974.62191780822,329.4,1974.62191780822,330.75,1974.20273972603,331.51,1974.20273972603,330.15
1974.70684931507,327.44,1974.70684931507,330.49,1974.28767123288,332.62,1974.28767123288,330.18
1974.78904109589,327.38,1974.78904109589,330.53,1974.3698630137,333.18,1974.3698630137,330.22
1974.87397260274,328.46,1974.87397260274,330.44,1974.45479452055,332.49,1974.45479452055,330.27
1974.95616438356,329.58,1974.95616438356,330.39,1974.53698630137,330.99,1974.53698630137,330.31
1975.04109589041,330.41,1975.04109589041,330.36,1974.62191780822,328.98,1974.62191780822,330.37
1975.12602739726,331.41,1975.12602739726,330.74,1974.70684931507,327.35,1974.70684931507,330.42
1975.20273972603,332.05,1975.20273972603,330.7,1974.78904109589,327.33,1974.78904109589,330.47
1975.28767123288,333.32,1975.28767123288,330.88,1974.87397260274,328.57,1974.87397260274,330.53
1975.3698630137,333.98,1975.3698630137,331.01,1974.95616438356,329.79,1974.95616438356,330.59
1975.45479452055,333.61,1975.45479452055,331.37,1975.04109589041,330.73,1975.04109589041,330.66
1975.53698630137,331.91,1975.53698630137,331.21,1975.12602739726,331.42,1975.12602739726,330.74
1975.62191780822,330.06,1975.62191780822,331.42,1975.20273972603,332.18,1975.20273972603,330.82
1975.70684931507,328.56,1975.70684931507,331.62,1975.28767123288,333.36,1975.28767123288,330.92
1975.78904109589,328.35,1975.78904109589,331.51,1975.3698630137,333.98,1975.3698630137,331.01
1975.87397260274,329.5,1975.87397260274,331.48,1975.45479452055,333.34,1975.45479452055,331.11
1975.95616438356,330.77,1975.95616438356,331.58,1975.53698630137,331.88,1975.53698630137,331.21
1976.04098360656,331.76,1976.04098360656,331.7,1975.62191780822,329.91,1975.62191780822,331.3
1976.12568306011,332.58,1976.12568306011,331.9,1975.70684931507,328.32,1975.70684931507,331.39
1976.20491803279,333.5,1976.20491803279,332.13,1975.78904109589,328.33,1975.78904109589,331.48
1976.28961748634,334.59,1976.28961748634,332.13,1975.87397260274,329.6,1975.87397260274,331.56
1976.37158469945,334.89,1976.37158469945,331.91,1975.95616438356,330.85,1975.95616438356,331.64
1976.45628415301,334.34,1976.45628415301,332.11,1976.04098360656,331.79,1976.04098360656,331.72
1976.53825136612,333.06,1976.53825136612,332.38,1976.12568306011,332.49,1976.12568306011,331.8
1976.62295081967,330.95,1976.62295081967,332.33,1976.20491803279,333.27,1976.20491803279,331.88
1976.70765027322,329.31,1976.70765027322,332.39,1976.28961748634,334.44,1976.28961748634,331.96
1976.78961748634,328.95,1976.78961748634,332.11,1976.37158469945,335.01,1976.37158469945,332.03
1976.87431693989,330.32,1976.87431693989,332.3,1976.45628415301,334.33,1976.45628415301,332.12
1976.95628415301,331.69,1976.95628415301,332.51,1976.53825136612,332.85,1976.53825136612,332.2
1977.04109589041,332.94,1977.04109589041,332.88,1976.62295081967,330.88,1976.62295081967,332.3
1977.12602739726,333.43,1977.12602739726,332.75,1976.70765027322,329.31,1976.70765027322,332.4
1977.20273972603,334.71,1977.20273972603,333.35,1976.78961748634,329.36,1976.78961748634,332.51
1977.28767123288,336.08,1977.28767123288,333.63,1976.87431693989,330.68,1976.87431693989,332.64
1977.3698630137,336.76,1977.3698630137,333.77,1976.95628415301,331.98,1976.95628415301,332.78
1977.45479452055,336.28,1977.45479452055,334.02,1977.04109589041,333.01,1977.04109589041,332.94
1977.53698630137,334.93,1977.53698630137,334.22,1977.12602739726,333.8,1977.12602739726,333.11
1977.62191780822,332.76,1977.62191780822,334.13,1977.20273972603,334.65,1977.20273972603,333.28
1977.70684931507,331.6,1977.70684931507,334.68,1977.28767123288,335.93,1977.28767123288,333.46
1977.78904109589,331.17,1977.78904109589,334.35,1977.3698630137,336.63,1977.3698630137,333.64
1977.87397260274,332.41,1977.87397260274,334.41,1977.45479452055,336.06,1977.45479452055,333.82
1977.95616438356,333.86,1977.95616438356,334.67,1977.53698630137,334.67,1977.53698630137,333.99
1978.04109589041,334.98,1978.04109589041,334.93,1977.62191780822,332.76,1977.62191780822,334.16
1978.12602739726,335.4,1978.12602739726,334.71,1977.70684931507,331.23,1977.70684931507,334.32
1978.20273972603,336.65,1978.20273972603,335.29,1977.78904109589,331.3,1977.78904109589,334.46
1978.28767123288,337.77,1978.28767123288,335.31,1977.87397260274,332.63,1977.87397260274,334.61
1978.3698630137,338.02,1978.3698630137,335.03,1977.95616438356,333.94,1977.95616438356,334.74
1978.45479452055,337.91,1978.45479452055,335.64,1978.04109589041,334.95,1978.04109589041,334.88
1978.53698630137,336.55,1978.53698630137,335.84,1978.12602739726,335.71,1978.12602739726,335.02
1978.62191780822,334.69,1978.62191780822,336.06,1978.20273972603,336.51,1978.20273972603,335.13
1978.70684931507,332.77,1978.70684931507,335.86,1978.28767123288,337.73,1978.28767123288,335.26
1978.78904109589,332.56,1978.78904109589,335.74,1978.3698630137,338.37,1978.3698630137,335.38
1978.87397260274,333.93,1978.87397260274,335.93,1978.45479452055,337.74,1978.45479452055,335.5
1978.95616438356,334.96,1978.95616438356,335.78,1978.53698630137,336.28,1978.53698630137,335.6
1979.04109589041,336.24,1979.04109589041,336.18,1978.62191780822,334.31,1978.62191780822,335.71
1979.12602739726,336.77,1979.12602739726,336.09,1978.70684931507,332.7,1978.70684931507,335.8
1979.20273972603,337.97,1979.20273972603,336.61,1978.78904109589,332.72,1978.78904109589,335.9
1979.28767123288,338.89,1979.28767123288,336.43,1978.87397260274,334.01,1978.87397260274,335.99
1979.3698630137,339.48,1979.3698630137,336.48,1978.95616438356,335.29,1978.95616438356,336.09
1979.45479452055,339.3,1979.45479452055,337.02,1979.04109589041,336.26,1979.04109589041,336.2
1979.53698630137,337.74,1979.53698630137,337.03,1979.12602739726,337,1979.12602739726,336.31
1979.62191780822,336.1,1979.62191780822,337.47,1979.20273972603,337.8,1979.20273972603,336.42
1979.70684931507,333.93,1979.70684931507,337.03,1979.28767123288,339.03,1979.28767123288,336.55
1979.78904109589,333.87,1979.78904109589,337.07,1979.3698630137,339.68,1979.3698630137,336.67
1979.87397260274,335.3,1979.87397260274,337.31,1979.45479452055,339.07,1979.45479452055,336.81
1979.95616438356,336.74,1979.95616438356,337.56,1979.53698630137,337.63,1979.53698630137,336.94
1980.04098360656,338.03,1980.04098360656,337.98,1979.62191780822,335.68,1979.62191780822,337.09
1980.12568306011,338.37,1980.12568306011,337.68,1979.70684931507,334.12,1979.70684931507,337.23
1980.20491803279,340.09,1980.20491803279,338.69,1979.78904109589,334.19,1979.78904109589,337.38
1980.28961748634,340.78,1980.28961748634,338.28,1979.87397260274,335.55,1979.87397260274,337.53
1980.37158469945,341.48,1980.37158469945,338.47,1979.95616438356,336.88,1979.95616438356,337.69
1980.45628415301,341.18,1980.45628415301,338.92,1980.04098360656,337.92,1980.04098360656,337.86
1980.53825136612,339.57,1980.53825136612,338.88,1980.12568306011,338.72,1980.12568306011,338.03
1980.62295081967,337.61,1980.62295081967,339.01,1980.20491803279,339.59,1980.20491803279,338.18
1980.70765027322,335.9,1980.70765027322,339.01,1980.28961748634,340.86,1980.28961748634,338.34
1980.78961748634,336.03,1980.78961748634,339.23,1980.37158469945,341.51,1980.37158469945,338.49
1980.87431693989,337.12,1980.87431693989,339.13,1980.45628415301,340.88,1980.45628415301,338.64
1980.95628415301,338.23,1980.95628415301,339.06,1980.53825136612,339.43,1980.53825136612,338.78
1981.04109589041,339.25,1981.04109589041,339.2,1980.62295081967,337.47,1980.62295081967,338.91
1981.12602739726,340.5,1981.12602739726,339.81,1980.70765027322,335.9,1980.70765027322,339.03
1981.20273972603,341.4,1981.20273972603,340.03,1980.78961748634,335.95,1980.78961748634,339.14
1981.28767123288,342.52,1981.28767123288,340.04,1980.87431693989,337.26,1980.87431693989,339.25
1981.3698630137,342.93,1981.3698630137,339.9,1980.95628415301,338.55,1980.95628415301,339.35
1981.45479452055,342.27,1981.45479452055,339.98,1981.04109589041,339.53,1981.04109589041,339.46
1981.53698630137,340.51,1981.53698630137,339.79,1981.12602739726,340.26,1981.12602739726,339.56
1981.62191780822,338.45,1981.62191780822,339.83,1981.20273972603,341.04,1981.20273972603,339.65
1981.70684931507,336.71,1981.70684931507,339.83,1981.28767123288,342.24,1981.28767123288,339.74
1981.78904109589,336.88,1981.78904109589,340.1,1981.3698630137,342.85,1981.3698630137,339.82
1981.87397260274,338.38,1981.87397260274,340.4,1981.45479452055,342.18,1981.45479452055,339.91
1981.95616438356,339.63,1981.95616438356,340.46,1981.53698630137,340.68,1981.53698630137,339.99
1982.04109589041,340.77,1982.04109589041,340.72,1981.62191780822,338.67,1981.62191780822,340.08
1982.12602739726,341.63,1982.12602739726,340.94,1981.70684931507,337.05,1981.70684931507,340.18
1982.20273972603,342.72,1982.20273972603,341.34,1981.78904109589,337.07,1981.78904109589,340.28
1982.28767123288,343.59,1982.28767123288,341.1,1981.87397260274,338.39,1981.87397260274,340.39
1982.3698630137,344.16,1982.3698630137,341.12,1981.95616438356,339.69,1981.95616438356,340.5
1982.45479452055,343.37,1982.45479452055,341.07,1982.04109589041,340.67,1982.04109589041,340.61
1982.53698630137,342.07,1982.53698630137,341.35,1982.12602739726,341.41,1982.12602739726,340.71
1982.62191780822,339.83,1982.62191780822,341.21,1982.20273972603,342.2,1982.20273972603,340.8
1982.70684931507,338,1982.70684931507,341.12,1982.28767123288,343.4,1982.28767123288,340.89
1982.78904109589,337.88,1982.78904109589,341.11,1982.3698630137,344.01,1982.3698630137,340.98
1982.87397260274,339.28,1982.87397260274,341.31,1982.45479452055,343.33,1982.45479452055,341.06
1982.95616438356,340.51,1982.95616438356,341.34,1982.53698630137,341.82,1982.53698630137,341.13
1983.04109589041,341.4,1983.04109589041,341.34,1982.62191780822,339.79,1982.62191780822,341.21
1983.12602739726,342.54,1983.12602739726,341.85,1982.70684931507,338.16,1982.70684931507,341.3
1983.20273972603,343.12,1983.20273972603,341.73,1982.78904109589,338.18,1982.78904109589,341.39
1983.28767123288,344.96,1983.28767123288,342.46,1982.87397260274,339.5,1982.87397260274,341.51
1983.3698630137,345.78,1983.3698630137,342.73,1982.95616438356,340.83,1982.95616438356,341.64
1983.45479452055,345.34,1983.45479452055,343.03,1983.04109589041,341.86,1983.04109589041,341.79
1983.53698630137,344,1983.53698630137,343.28,1983.12602739726,342.66,1983.12602739726,341.96
1983.62191780822,342.4,1983.62191780822,343.79,1983.20273972603,343.53,1983.20273972603,342.13
1983.70684931507,339.89,1983.70684931507,343.02,1983.28767123288,344.84,1983.28767123288,342.32
1983.78904109589,340.01,1983.78904109589,343.25,1983.3698630137,345.56,1983.3698630137,342.51
1983.87397260274,341.16,1983.87397260274,343.19,1983.45479452055,344.99,1983.45479452055,342.7
1983.95616438356,342.99,1983.95616438356,343.82,1983.53698630137,343.57,1983.53698630137,342.88
1984.04098360656,343.82,1984.04098360656,343.77,1983.62191780822,341.63,1983.62191780822,343.06
1984.12568306011,344.62,1984.12568306011,343.93,1983.70684931507,340.07,1983.70684931507,343.22
1984.20491803279,345.39,1984.20491803279,343.97,1983.78904109589,340.15,1983.78904109589,343.37
1984.28961748634,347.15,1984.28961748634,344.62,1983.87397260274,341.51,1983.87397260274,343.52
1984.37158469945,347.52,1984.37158469945,344.47,1983.95616438356,342.85,1983.95616438356,343.67
1984.45628415301,346.88,1984.45628415301,344.59,1984.04098360656,343.88,1984.04098360656,343.81
1984.53825136612,345.47,1984.53825136612,344.77,1984.12568306011,344.65,1984.12568306011,343.95
1984.62295081967,343.34,1984.62295081967,344.76,1984.20491803279,345.51,1984.20491803279,344.08
1984.70765027322,341.13,1984.70765027322,344.29,1984.28961748634,346.76,1984.28961748634,344.21
1984.78961748634,341.4,1984.78961748634,344.64,1984.37158469945,347.38,1984.37158469945,344.33
1984.87431693989,343.02,1984.87431693989,345.06,1984.45628415301,346.72,1984.45628415301,344.45
1984.95628415301,344.25,1984.95628415301,345.08,1984.53825136612,345.23,1984.53825136612,344.57
1985.04109589041,344.99,1985.04109589041,344.94,1984.62295081967,343.23,1984.62295081967,344.68
1985.12602739726,346.01,1985.12602739726,345.31,1984.70765027322,341.62,1984.70765027322,344.79
1985.20273972603,347.43,1985.20273972603,346.04,1984.78961748634,341.68,1984.78961748634,344.91
1985.28767123288,348.34,1985.28767123288,345.83,1984.87431693989,343.02,1984.87431693989,345.03
1985.3698630137,348.92,1985.3698630137,345.86,1984.95628415301,344.33,1984.95628415301,345.15
1985.45479452055,348.24,1985.45479452055,345.92,1985.04109589041,345.34,1985.04109589041,345.27
1985.53698630137,346.54,1985.53698630137,345.81,1985.12602739726,346.11,1985.12602739726,345.4
1985.62191780822,344.64,1985.62191780822,346.04,1985.20273972603,346.92,1985.20273972603,345.51
1985.70684931507,343.06,1985.70684931507,346.21,1985.28767123288,348.15,1985.28767123288,345.62
1985.78904109589,342.78,1985.78904109589,346.04,1985.3698630137,348.79,1985.3698630137,345.72
1985.87397260274,344.21,1985.87397260274,346.26,1985.45479452055,348.12,1985.45479452055,345.82
1985.95616438356,345.53,1985.95616438356,346.37,1985.53698630137,346.61,1985.53698630137,345.91
1986.04109589041,346.28,1986.04109589041,346.22,1985.62191780822,344.56,1985.62191780822,346
1986.12602739726,346.93,1986.12602739726,346.23,1985.70684931507,342.91,1985.70684931507,346.08
1986.20273972603,347.83,1986.20273972603,346.43,1985.78904109589,342.92,1985.78904109589,346.16
1986.28767123288,349.53,1986.28767123288,347.01,1985.87397260274,344.23,1985.87397260274,346.25
1986.3698630137,350.19,1986.3698630137,347.12,1985.95616438356,345.52,1985.95616438356,346.34
1986.45479452055,349.53,1986.45479452055,347.2,1986.04109589041,346.51,1986.04109589041,346.45
1986.53698630137,347.92,1986.53698630137,347.19,1986.12602739726,347.26,1986.12602739726,346.55
1986.62191780822,345.88,1986.62191780822,347.28,1986.20273972603,348.07,1986.20273972603,346.66
1986.70684931507,344.83,1986.70684931507,348,1986.28767123288,349.33,1986.28767123288,346.79
1986.78904109589,344.16,1986.78904109589,347.43,1986.3698630137,349.99,1986.3698630137,346.91
1986.87397260274,345.64,1986.87397260274,347.69,1986.45479452055,349.35,1986.45479452055,347.04
1986.95616438356,346.88,1986.95616438356,347.72,1986.53698630137,347.87,1986.53698630137,347.17
1987.04109589041,348,1987.04109589041,347.95,1986.62191780822,345.86,1986.62191780822,347.3
1987.12602739726,348.47,1987.12602739726,347.77,1986.70684931507,344.24,1986.70684931507,347.42
1987.20273972603,349.4,1987.20273972603,348,1986.78904109589,344.29,1986.78904109589,347.55
1987.28767123288,350.97,1987.28767123288,348.44,1986.87397260274,345.65,1986.87397260274,347.68
1987.3698630137,351.84,1987.3698630137,348.75,1986.95616438356,346.99,1986.95616438356,347.81
1987.45479452055,351.25,1987.45479452055,348.91,1987.04109589041,348.03,1987.04109589041,347.96
1987.53698630137,349.5,1987.53698630137,348.76,1987.12602739726,348.82,1987.12602739726,348.11
1987.62191780822,348.09,1987.62191780822,349.49,1987.20273972603,349.68,1987.20273972603,348.26
1987.70684931507,346.44,1987.70684931507,349.61,1987.28767123288,350.98,1987.28767123288,348.43
1987.78904109589,346.1,1987.78904109589,349.38,1987.3698630137,351.69,1987.3698630137,348.61
1987.87397260274,347.54,1987.87397260274,349.6,1987.45479452055,351.11,1987.45479452055,348.79
1987.95616438356,348.69,1987.95616438356,349.54,1987.53698630137,349.68,1987.53698630137,348.98
1988.04098360656,350.16,1988.04098360656,350.11,1987.62191780822,347.73,1987.62191780822,349.17
1988.12568306011,351.47,1988.12568306011,350.77,1987.70684931507,346.18,1987.70684931507,349.37
1988.20491803279,351.96,1988.20491803279,350.52,1987.78904109589,346.29,1987.78904109589,349.56
1988.28961748634,353.33,1988.28961748634,350.77,1987.87397260274,347.72,1987.87397260274,349.76
1988.37158469945,353.97,1988.37158469945,350.88,1987.95616438356,349.14,1987.95616438356,349.96
1988.45628415301,353.55,1988.45628415301,351.23,1988.04098360656,350.24,1988.04098360656,350.17
1988.53825136612,352.14,1988.53825136612,351.43,1988.12568306011,351.09,1988.12568306011,350.38
1988.62295081967,350.19,1988.62295081967,351.63,1988.20491803279,352.02,1988.20491803279,350.57
1988.70765027322,348.5,1988.70765027322,351.69,1988.28961748634,353.35,1988.28961748634,350.77
1988.78961748634,348.66,1988.78961748634,351.95,1988.37158469945,354.05,1988.37158469945,350.96
1988.87431693989,349.85,1988.87431693989,351.91,1988.45628415301,353.45,1988.45628415301,351.15
1988.95628415301,351.12,1988.95628415301,351.97,1988.53825136612,352,1988.53825136612,351.32
1989.04109589041,352.55,1989.04109589041,352.49,1988.62295081967,350.02,1988.62295081967,351.49
1989.12602739726,352.86,1989.12602739726,352.15,1988.70765027322,348.43,1988.70765027322,351.65
1989.20273972603,353.48,1989.20273972603,352.07,1988.78961748634,348.51,1988.78961748634,351.79
1989.28767123288,355.22,1989.28767123288,352.67,1988.87431693989,349.88,1988.87431693989,351.92
1989.3698630137,355.47,1989.3698630137,352.37,1988.95628415301,351.22,1988.95628415301,352.05
1989.45479452055,354.92,1989.45479452055,352.57,1989.04109589041,352.23,1989.04109589041,352.17
1989.53698630137,353.7,1989.53698630137,352.96,1989.12602739726,352.99,1989.12602739726,352.28
1989.62191780822,351.47,1989.62191780822,352.88,1989.20273972603,353.8,1989.20273972603,352.38
1989.70684931507,349.61,1989.70684931507,352.8,1989.28767123288,355.05,1989.28767123288,352.48
1989.78904109589,349.79,1989.78904109589,353.09,1989.3698630137,355.69,1989.3698630137,352.58
1989.87397260274,351.09,1989.87397260274,353.17,1989.45479452055,355.01,1989.45479452055,352.68
1989.95616438356,352.32,1989.95616438356,353.17,1989.53698630137,353.49,1989.53698630137,352.78
1990.04109589041,353.46,1990.04109589041,353.41,1989.62191780822,351.43,1989.62191780822,352.88
1990.12602739726,354.5,1990.12602739726,353.8,1989.70684931507,349.76,1989.70684931507,352.98
1990.20273972603,355.19,1990.20273972603,353.77,1989.78904109589,349.78,1989.78904109589,353.07
1990.28767123288,356,1990.28767123288,353.45,1989.87397260274,351.12,1989.87397260274,353.18
1990.3698630137,356.96,1990.3698630137,353.85,1989.95616438356,352.44,1989.95616438356,353.27
1990.45479452055,356.04,1990.45479452055,353.68,1990.04109589041,353.45,1990.04109589041,353.38
1990.53698630137,354.62,1990.53698630137,353.88,1990.12602739726,354.2,1990.12602739726,353.48
1990.62191780822,352.71,1990.62191780822,354.13,1990.20273972603,355,1990.20273972603,353.57
1990.70684931507,350.77,1990.70684931507,353.98,1990.28767123288,356.25,1990.28767123288,353.68
1990.78904109589,350.99,1990.78904109589,354.3,1990.3698630137,356.9,1990.3698630137,353.78
1990.87397260274,352.64,1990.87397260274,354.72,1990.45479452055,356.23,1990.45479452055,353.9
1990.95616438356,354.02,1990.95616438356,354.87,1990.53698630137,354.73,1990.53698630137,354.02
1991.04109589041,354.53,1991.04109589041,354.47,1990.62191780822,352.69,1990.62191780822,354.15
1991.12602739726,355.55,1991.12602739726,354.84,1990.70684931507,351.07,1990.70684931507,354.29
1991.20273972603,356.96,1991.20273972603,355.54,1990.78904109589,351.13,1990.78904109589,354.43
1991.28767123288,358.4,1991.28767123288,355.84,1990.87397260274,352.52,1990.87397260274,354.58
1991.3698630137,359.14,1991.3698630137,356.01,1990.95616438356,353.89,1990.95616438356,354.73
1991.45479452055,358.04,1991.45479452055,355.68,1991.04109589041,354.94,1991.04109589041,354.87
1991.53698630137,355.98,1991.53698630137,355.23,1991.12602739726,355.73,1991.12602739726,355.01
1991.62191780822,353.81,1991.62191780822,355.24,1991.20273972603,356.57,1991.20273972603,355.13
1991.70684931507,351.95,1991.70684931507,355.17,1991.28767123288,357.82,1991.28767123288,355.25
1991.78904109589,352.02,1991.78904109589,355.35,1991.3698630137,358.46,1991.3698630137,355.34
1991.87397260274,353.55,1991.87397260274,355.64,1991.45479452055,357.76,1991.45479452055,355.42
1991.95616438356,354.79,1991.95616438356,355.64,1991.53698630137,356.19,1991.53698630137,355.48
1992.04098360656,355.79,1992.04098360656,355.73,1991.62191780822,354.08,1991.62191780822,355.54
1992.12568306011,356.52,1992.12568306011,355.81,1991.70684931507,352.36,1991.70684931507,355.6
1992.20491803279,357.61,1992.20491803279,356.16,1991.78904109589,352.35,1991.78904109589,355.66
1992.28961748634,358.95,1992.28961748634,356.36,1991.87397260274,353.66,1991.87397260274,355.72
1992.37158469945,359.46,1992.37158469945,356.33,1991.95616438356,354.95,1991.95616438356,355.79
1992.45628415301,359.05,1992.45628415301,356.7,1992.04098360656,355.93,1992.04098360656,355.86
1992.53825136612,356.82,1992.53825136612,356.11,1992.12568306011,356.65,1992.12568306011,355.93
1992.62295081967,354.8,1992.62295081967,356.26,1992.20491803279,357.46,1992.20491803279,355.99
1992.70765027322,352.81,1992.70765027322,356.04,1992.28961748634,358.67,1992.28961748634,356.06
1992.78961748634,353.11,1992.78961748634,356.44,1992.37158469945,359.24,1992.37158469945,356.11
1992.87431693989,353.96,1992.87431693989,356.05,1992.45628415301,358.48,1992.45628415301,356.15
1992.95628415301,355.2,1992.95628415301,356.06,1992.53825136612,356.87,1992.53825136612,356.19
1993.04109589041,356.5,1993.04109589041,356.45,1992.62295081967,354.73,1992.62295081967,356.22
1993.12602739726,356.97,1993.12602739726,356.25,1992.70765027322,353,1992.70765027322,356.25
1993.20273972603,358.18,1993.20273972603,356.75,1992.78961748634,352.97,1992.78961748634,356.29
1993.28767123288,359.26,1993.28767123288,356.68,1992.87431693989,354.26,1992.87431693989,356.32
1993.3698630137,360.08,1993.3698630137,356.94,1992.95628415301,355.53,1992.95628415301,356.37
1993.45479452055,359.4,1993.45479452055,357.02,1993.04109589041,356.49,1993.04109589041,356.42
1993.53698630137,357.38,1993.53698630137,356.63,1993.12602739726,357.2,1993.12602739726,356.48
1993.62191780822,355.33,1993.62191780822,356.76,1993.20273972603,357.99,1993.20273972603,356.54
1993.70684931507,353.5,1993.70684931507,356.74,1993.28767123288,359.21,1993.28767123288,356.62
1993.78904109589,353.8,1993.78904109589,357.14,1993.3698630137,359.84,1993.3698630137,356.7
1993.87397260274,355.15,1993.87397260274,357.25,1993.45479452055,359.15,1993.45479452055,356.79
1993.95616438356,356.62,1993.95616438356,357.48,1993.53698630137,357.61,1993.53698630137,356.89
1994.04109589041,358.19,1994.04109589041,358.13,1993.62191780822,355.54,1993.62191780822,357.01
1994.12602739726,358.73,1994.12602739726,358.01,1993.70684931507,353.88,1993.70684931507,357.13
1994.20273972603,359.79,1994.20273972603,358.36,1993.78904109589,353.94,1993.78904109589,357.27
1994.28767123288,361.09,1994.28767123288,358.5,1993.87397260274,355.35,1993.87397260274,357.43
1994.3698630137,361.52,1994.3698630137,358.36,1993.95616438356,356.74,1993.95616438356,357.58
1994.45479452055,360.77,1994.45479452055,358.39,1994.04109589041,357.82,1994.04109589041,357.75
1994.53698630137,359.38,1994.53698630137,358.63,1994.12602739726,358.65,1994.12602739726,357.92
1994.62191780822,357.31,1994.62191780822,358.74,1994.20273972603,359.53,1994.20273972603,358.08
1994.70684931507,355.68,1994.70684931507,358.93,1994.28767123288,360.85,1994.28767123288,358.25
1994.78904109589,355.83,1994.78904109589,359.19,1994.3698630137,361.56,1994.3698630137,358.41
1994.87397260274,357.42,1994.87397260274,359.53,1994.45479452055,360.95,1994.45479452055,358.58
1994.95616438356,358.87,1994.95616438356,359.74,1994.53698630137,359.46,1994.53698630137,358.75
1995.04109589041,359.81,1995.04109589041,359.75,1994.62191780822,357.45,1994.62191780822,358.92
1995.12602739726,360.84,1995.12602739726,360.12,1994.70684931507,355.84,1994.70684931507,359.1
1995.20273972603,361.48,1995.20273972603,360.04,1994.78904109589,355.94,1994.78904109589,359.28
1995.28767123288,363.3,1995.28767123288,360.71,1994.87397260274,357.38,1994.87397260274,359.46
1995.3698630137,363.65,1995.3698630137,360.48,1994.95616438356,358.8,1994.95616438356,359.64
1995.45479452055,363.11,1995.45479452055,360.72,1995.04109589041,359.9,1995.04109589041,359.83
1995.53698630137,361.75,1995.53698630137,360.99,1995.12602739726,360.74,1995.12602739726,360.01
1995.62191780822,359.31,1995.62191780822,360.75,1995.20273972603,361.62,1995.20273972603,360.17
1995.70684931507,357.91,1995.70684931507,361.17,1995.28767123288,362.96,1995.28767123288,360.35
1995.78904109589,357.62,1995.78904109589,360.98,1995.3698630137,363.68,1995.3698630137,360.51
1995.87397260274,359.42,1995.87397260274,361.54,1995.45479452055,363.05,1995.45479452055,360.68
1995.95616438356,360.56,1995.95616438356,361.42,1995.53698630137,361.56,1995.53698630137,360.84
1996.04098360656,361.91,1996.04098360656,361.85,1995.62191780822,359.52,1995.62191780822,361
1996.12568306011,363.11,1996.12568306011,362.39,1995.70684931507,357.89,1995.70684931507,361.16
1996.20491803279,363.88,1996.20491803279,362.42,1995.78904109589,357.97,1995.78904109589,361.32
1996.28961748634,364.58,1996.28961748634,361.96,1995.87397260274,359.39,1995.87397260274,361.48
1996.37158469945,365.29,1996.37158469945,362.11,1995.95616438356,360.79,1995.95616438356,361.64
1996.45628415301,364.84,1996.45628415301,362.46,1996.04098360656,361.86,1996.04098360656,361.79
1996.53825136612,363.52,1996.53825136612,362.8,1996.12568306011,362.67,1996.12568306011,361.94
1996.62295081967,361.35,1996.62295081967,362.82,1996.20491803279,363.55,1996.20491803279,362.07
1996.70765027322,359.32,1996.70765027322,362.6,1996.28961748634,364.84,1996.28961748634,362.2
1996.78961748634,359.48,1996.78961748634,362.85,1996.37158469945,365.48,1996.37158469945,362.31
1996.87431693989,360.64,1996.87431693989,362.75,1996.45628415301,364.78,1996.45628415301,362.42
1996.95628415301,362.21,1996.95628415301,363.07,1996.53825136612,363.21,1996.53825136612,362.52
1997.04109589041,363.06,1997.04109589041,363.01,1996.62295081967,361.1,1996.62295081967,362.62
1997.12602739726,363.87,1997.12602739726,363.15,1996.70765027322,359.41,1996.70765027322,362.7
1997.20273972603,364.44,1997.20273972603,363,1996.78961748634,359.42,1996.78961748634,362.78
1997.28767123288,366.23,1997.28767123288,363.62,1996.87431693989,360.77,1996.87431693989,362.86
1997.3698630137,366.68,1997.3698630137,363.5,1996.95628415301,362.09,1996.95628415301,362.94
1997.45479452055,365.52,1997.45479452055,363.11,1997.04109589041,363.09,1997.04109589041,363.02
1997.53698630137,364.36,1997.53698630137,363.6,1997.12602739726,363.84,1997.12602739726,363.11
1997.62191780822,362.39,1997.62191780822,363.84,1997.20273972603,364.66,1997.20273972603,363.2
1997.70684931507,360.08,1997.70684931507,363.35,1997.28767123288,365.93,1997.28767123288,363.3
1997.78904109589,360.67,1997.78904109589,364.05,1997.3698630137,366.6,1997.3698630137,363.42
1997.87397260274,362.32,1997.87397260274,364.45,1997.45479452055,365.95,1997.45479452055,363.56
1997.95616438356,364.17,1997.95616438356,365.04,1997.53698630137,364.43,1997.53698630137,363.71
1998.04109589041,365.22,1998.04109589041,365.16,1997.62191780822,362.4,1997.62191780822,363.89
1998.12602739726,366.04,1998.12602739726,365.32,1997.70684931507,360.79,1997.70684931507,364.09
1998.20273972603,367.2,1998.20273972603,365.75,1997.78904109589,360.93,1997.78904109589,364.3
1998.28767123288,368.5,1998.28767123288,365.88,1997.87397260274,362.44,1997.87397260274,364.55
1998.3698630137,369.19,1998.3698630137,366,1997.95616438356,363.95,1997.95616438356,364.8
1998.45479452055,368.77,1998.45479452055,366.35,1998.04109589041,365.14,1998.04109589041,365.07
1998.53698630137,367.53,1998.53698630137,366.77,1998.12602739726,366.08,1998.12602739726,365.34
1998.62191780822,365.67,1998.62191780822,367.13,1998.20273972603,367.06,1998.20273972603,365.59
1998.70684931507,363.8,1998.70684931507,367.09,1998.28767123288,368.5,1998.28767123288,365.87
1998.78904109589,364.13,1998.78904109589,367.53,1998.3698630137,369.32,1998.3698630137,366.13
1998.87397260274,365.36,1998.87397260274,367.49,1998.45479452055,368.79,1998.45479452055,366.39
1998.95616438356,366.87,1998.95616438356,367.74,1998.53698630137,367.36,1998.53698630137,366.64
1999.04109589041,368.05,1999.04109589041,367.99,1998.62191780822,365.38,1998.62191780822,366.87
1999.12602739726,368.77,1999.12602739726,368.05,1998.70684931507,363.79,1998.70684931507,367.09
1999.20273972603,369.49,1999.20273972603,368.03,1998.78904109589,363.9,1998.78904109589,367.28
1999.28767123288,371.04,1999.28767123288,368.41,1998.87397260274,365.35,1998.87397260274,367.46
1999.3698630137,370.9,1999.3698630137,367.7,1998.95616438356,366.75,1998.95616438356,367.61
1999.45479452055,370.25,1999.45479452055,367.83,1999.04109589041,367.81,1999.04109589041,367.74
1999.53698630137,369.17,1999.53698630137,368.41,1999.12602739726,368.6,1999.12602739726,367.86
1999.62191780822,366.83,1999.62191780822,368.29,1999.20273972603,369.42,1999.20273972603,367.94
1999.70684931507,364.54,1999.70684931507,367.84,1999.28767123288,370.67,1999.28767123288,368.03
1999.78904109589,365.04,1999.78904109589,368.45,1999.3698630137,371.3,1999.3698630137,368.1
1999.87397260274,366.58,1999.87397260274,368.72,1999.45479452055,370.57,1999.45479452055,368.17
1999.95616438356,367.92,1999.95616438356,368.79,1999.53698630137,368.96,1999.53698630137,368.24
2000.04098360656,369.05,2000.04098360656,368.99,1999.62191780822,366.81,1999.62191780822,368.31
2000.12568306011,369.37,2000.12568306011,368.64,1999.70684931507,365.07,1999.70684931507,368.38
2000.20491803279,370.42,2000.20491803279,368.94,1999.78904109589,365.07,1999.78904109589,368.46
2000.28961748634,371.57,2000.28961748634,368.91,1999.87397260274,366.43,1999.87397260274,368.55
2000.37158469945,371.74,2000.37158469945,368.52,1999.95616438356,367.77,1999.95616438356,368.63
2000.45628415301,371.6,2000.45628415301,369.19,2000.04098360656,368.79,2000.04098360656,368.72
2000.53825136612,370.02,2000.53825136612,369.29,2000.12568306011,369.56,2000.12568306011,368.82
2000.62295081967,368.03,2000.62295081967,369.52,2000.20491803279,370.42,2000.20491803279,368.92
2000.70765027322,366.53,2000.70765027322,369.85,2000.28961748634,371.7,2000.28961748634,369.02
2000.78961748634,366.64,2000.78961748634,370.05,2000.37158469945,372.35,2000.37158469945,369.14
2000.87431693989,368.2,2000.87431693989,370.35,2000.45628415301,371.66,2000.45628415301,369.27
2000.95628415301,369.44,2000.95628415301,370.31,2000.53825136612,370.11,2000.53825136612,369.41
2001.04109589041,370.2,2001.04109589041,370.14,2000.62295081967,368.02,2000.62295081967,369.55
2001.12602739726,371.41,2001.12602739726,370.68,2000.70765027322,366.36,2000.70765027322,369.7
2001.20273972603,372.04,2001.20273972603,370.57,2000.78961748634,366.44,2000.78961748634,369.84
2001.28767123288,372.78,2001.28767123288,370.14,2000.87431693989,367.86,2000.87431693989,369.98
2001.3698630137,373.94,2001.3698630137,370.72,2000.95628415301,369.25,2000.95628415301,370.11
2001.45479452055,373.23,2001.45479452055,370.79,2001.04109589041,370.31,2001.04109589041,370.24
2001.53698630137,371.54,2001.53698630137,370.77,2001.12602739726,371.1,2001.12602739726,370.36
2001.62191780822,369.47,2001.62191780822,370.94,2001.20273972603,371.95,2001.20273972603,370.47
2001.70684931507,367.88,2001.70684931507,371.2,2001.28767123288,373.25,2001.28767123288,370.59
2001.78904109589,368.01,2001.78904109589,371.44,2001.3698630137,373.93,2001.3698630137,370.71
2001.87397260274,369.6,2001.87397260274,371.75,2001.45479452055,373.26,2001.45479452055,370.84
2001.95616438356,371.16,2001.95616438356,372.04,2001.53698630137,371.7,2001.53698630137,370.97
2002.04109589041,372.36,2002.04109589041,372.3,2001.62191780822,369.61,2001.62191780822,371.12
2002.12602739726,373,2002.12602739726,372.27,2001.70684931507,367.93,2001.70684931507,371.27
2002.20273972603,373.44,2002.20273972603,371.97,2001.78904109589,368.01,2001.78904109589,371.43
2002.28767123288,374.77,2002.28767123288,372.12,2001.87397260274,369.46,2001.87397260274,371.59
2002.3698630137,375.48,2002.3698630137,372.25,2001.95616438356,370.89,2001.95616438356,371.75
2002.45479452055,375.33,2002.45479452055,372.89,2002.04109589041,371.99,2002.04109589041,371.92
2002.53698630137,373.95,2002.53698630137,373.18,2002.12602739726,372.84,2002.12602739726,372.09
2002.62191780822,371.41,2002.62191780822,372.88,2002.20273972603,373.74,2002.20273972603,372.26
2002.70684931507,370.63,2002.70684931507,373.96,2002.28767123288,375.11,2002.28767123288,372.44
2002.78904109589,370.18,2002.78904109589,373.62,2002.3698630137,375.87,2002.3698630137,372.64
2002.87397260274,372.01,2002.87397260274,374.17,2002.45479452055,375.27,2002.45479452055,372.85
2002.95616438356,373.71,2002.95616438356,374.6,2002.53698630137,373.8,2002.53698630137,373.06
2003.04109589041,374.61,2003.04109589041,374.55,2002.62191780822,371.78,2002.62191780822,373.29
2003.12602739726,375.55,2003.12602739726,374.81,2002.70684931507,370.18,2002.70684931507,373.52
2003.20273972603,376.04,2003.20273972603,374.57,2002.78904109589,370.33,2002.78904109589,373.75
2003.28767123288,377.58,2003.28767123288,374.92,2002.87397260274,371.85,2002.87397260274,373.98
2003.3698630137,378.28,2003.3698630137,375.04,2002.95616438356,373.34,2002.95616438356,374.21
2003.45479452055,378.07,2003.45479452055,375.61,2003.04109589041,374.5,2003.04109589041,374.43
2003.53698630137,376.55,2003.53698630137,375.77,2003.12602739726,375.4,2003.12602739726,374.65
2003.62191780822,374.42,2003.62191780822,375.9,2003.20273972603,376.34,2003.20273972603,374.85
2003.70684931507,372.92,2003.70684931507,376.26,2003.28767123288,377.73,2003.28767123288,375.06
2003.78904109589,372.94,2003.78904109589,376.39,2003.3698630137,378.5,2003.3698630137,375.26
2003.87397260274,374.29,2003.87397260274,376.45,2003.45479452055,377.9,2003.45479452055,375.47
2003.95616438356,375.63,2003.95616438356,376.51,2003.53698630137,376.4,2003.53698630137,375.66
2004.04098360656,376.73,2004.04098360656,376.67,2003.62191780822,374.33,2003.62191780822,375.85
2004.12568306011,377.31,2004.12568306011,376.57,2003.70684931507,372.68,2003.70684931507,376.03
2004.20491803279,378.33,2004.20491803279,376.83,2003.78904109589,372.76,2003.78904109589,376.2
2004.28961748634,380.44,2004.28961748634,377.75,2003.87397260274,374.21,2003.87397260274,376.36
2004.37158469945,380.56,2004.37158469945,377.31,2003.95616438356,375.63,2003.95616438356,376.5
2004.45628415301,379.49,2004.45628415301,377.05,2004.04098360656,376.71,2004.04098360656,376.64
2004.53825136612,377.71,2004.53825136612,376.96,2004.12568306011,377.52,2004.12568306011,376.78
2004.62295081967,375.77,2004.62295081967,377.29,2004.20491803279,378.42,2004.20491803279,376.89
2004.70765027322,373.99,2004.70765027322,377.35,2004.28961748634,379.73,2004.28961748634,377.02
2004.78961748634,374.17,2004.78961748634,377.63,2004.37158469945,380.38,2004.37158469945,377.13
2004.87431693989,375.79,2004.87431693989,377.96,2004.45628415301,379.66,2004.45628415301,377.25
2004.95628415301,377.39,2004.95628415301,378.28,2004.53825136612,378.08,2004.53825136612,377.37
2005.04109589041,378.29,2005.04109589041,378.23,2004.62295081967,375.96,2004.62295081967,377.51
2005.12602739726,379.56,2005.12602739726,378.82,2004.70765027322,374.28,2004.70765027322,377.66
2005.20273972603,380.06,2005.20273972603,378.58,2004.78961748634,374.38,2004.78961748634,377.82
2005.28767123288,382.02,2005.28767123288,379.34,2004.87431693989,375.86,2004.87431693989,378.01
2005.3698630137,382.21,2005.3698630137,378.95,2004.95628415301,377.32,2004.95628415301,378.19
2005.45479452055,382.05,2005.45479452055,379.58,2005.04109589041,378.47,2005.04109589041,378.4
2005.53698630137,380.63,2005.53698630137,379.86,2005.12602739726,379.36,2005.12602739726,378.61
2005.62191780822,378.64,2005.62191780822,380.12,2005.20273972603,380.31,2005.20273972603,378.81
2005.70684931507,376.38,2005.70684931507,379.74,2005.28767123288,381.73,2005.28767123288,379.03
2005.78904109589,376.77,2005.78904109589,380.24,2005.3698630137,382.51,2005.3698630137,379.25
2005.87397260274,378.27,2005.87397260274,380.45,2005.45479452055,381.92,2005.45479452055,379.47
2005.95616438356,379.92,2005.95616438356,380.82,2005.53698630137,380.42,2005.53698630137,379.68
2006.04109589041,381.33,2006.04109589041,381.28,2005.62191780822,378.37,2005.62191780822,379.9
2006.12602739726,381.98,2006.12602739726,381.24,2005.70684931507,376.73,2005.70684931507,380.11
2006.20273972603,382.53,2006.20273972603,381.04,2005.78904109589,376.85,2005.78904109589,380.31
2006.28767123288,384.33,2006.28767123288,381.65,2005.87397260274,378.35,2005.87397260274,380.51
2006.3698630137,384.89,2006.3698630137,381.62,2005.95616438356,379.82,2005.95616438356,380.69
2006.45479452055,383.99,2006.45479452055,381.52,2006.04109589041,380.95,2006.04109589041,380.87
2006.53698630137,382.25,2006.53698630137,381.47,2006.12602739726,381.8,2006.12602739726,381.05
2006.62191780822,380.44,2006.62191780822,381.93,2006.20273972603,382.7,2006.20273972603,381.2
2006.70684931507,378.77,2006.70684931507,382.14,2006.28767123288,384.05,2006.28767123288,381.35
2006.78904109589,379.03,2006.78904109589,382.51,2006.3698630137,384.77,2006.3698630137,381.5
2006.87397260274,380.11,2006.87397260274,382.3,2006.45479452055,384.1,2006.45479452055,381.64
2006.95616438356,381.63,2006.95616438356,382.52,2006.53698630137,382.53,2006.53698630137,381.79
2007.04109589041,382.55,2007.04109589041,382.49,2006.62191780822,380.41,2006.62191780822,381.94
2007.12602739726,383.68,2007.12602739726,382.94,2006.70684931507,378.7,2006.70684931507,382.09
2007.20273972603,384.31,2007.20273972603,382.82,2006.78904109589,378.76,2006.78904109589,382.23
2007.28767123288,386.2,2007.28767123288,383.51,2006.87397260274,380.22,2006.87397260274,382.38
2007.3698630137,386.38,2007.3698630137,383.1,2006.95616438356,381.65,2006.95616438356,382.53
2007.45479452055,385.84,2007.45479452055,383.36,2007.04109589041,382.75,2007.04109589041,382.68
2007.53698630137,384.42,2007.53698630137,383.64,2007.12602739726,383.59,2007.12602739726,382.83
2007.62191780822,381.81,2007.62191780822,383.31,2007.20273972603,384.48,2007.20273972603,382.98
2007.70684931507,380.83,2007.70684931507,384.21,2007.28767123288,385.84,2007.28767123288,383.14
2007.78904109589,380.83,2007.78904109589,384.32,2007.3698630137,386.57,2007.3698630137,383.29
2007.87397260274,382.32,2007.87397260274,384.52,2007.45479452055,385.92,2007.45479452055,383.45
2007.95616438356,383.58,2007.95616438356,384.48,2007.53698630137,384.36,2007.53698630137,383.61
2008.04098360656,385.04,2008.04098360656,384.98,2007.62191780822,382.24,2007.62191780822,383.78
2008.12568306011,385.81,2008.12568306011,385.07,2007.70684931507,380.54,2007.70684931507,383.94
2008.20491803279,385.8,2008.20491803279,384.28,2007.78904109589,380.62,2007.78904109589,384.1
2008.28961748634,386.74,2008.28961748634,384.01,2007.87397260274,382.09,2007.87397260274,384.25
2008.37158469945,388.49,2008.37158469945,385.19,2007.95616438356,383.52,2007.95616438356,384.4
2008.45628415301,388.02,2008.45628415301,385.56,2008.04098360656,384.62,2008.04098360656,384.55
2008.53825136612,386.22,2008.53825136612,385.47,2008.12568306011,385.45,2008.12568306011,384.69
2008.62295081967,384.05,2008.62295081967,385.58,2008.20491803279,386.37,2008.20491803279,384.83
2008.70765027322,383.05,2008.70765027322,386.45,2008.28961748634,387.73,2008.28961748634,384.98
2008.78961748634,382.75,2008.78961748634,386.24,2008.37158469945,388.43,2008.37158469945,385.14
2008.87431693989,383.98,2008.87431693989,386.18,2008.45628415301,387.76,2008.45628415301,385.31
2008.95628415301,385.08,2008.95628415301,385.98,2008.53825136612,386.19,2008.53825136612,385.48
2009.04109589041,386.63,2009.04109589041,386.57,2008.62295081967,384.08,2008.62295081967,385.65
2009.12602739726,387.1,2009.12602739726,386.35,2008.70765027322,382.4,2008.70765027322,385.81
2009.20273972603,388.5,2009.20273972603,387,2008.78961748634,382.49,2008.78961748634,385.97
2009.28767123288,389.54,2009.28767123288,386.84,2008.87431693989,383.96,2008.87431693989,386.13
2009.3698630137,390.15,2009.3698630137,386.85,2008.95628415301,385.4,2008.95628415301,386.28
2009.45479452055,389.6,2009.45479452055,387.1,2009.04109589041,386.51,2009.04109589041,386.44
2009.53698630137,388.05,2009.53698630137,387.26,2009.12602739726,387.35,2009.12602739726,386.59
2009.62191780822,386.06,2009.62191780822,387.57,2009.20273972603,388.26,2009.20273972603,386.74
2009.70684931507,384.64,2009.70684931507,388.04,2009.28767123288,389.63,2009.28767123288,386.91
2009.78904109589,384.32,2009.78904109589,387.84,2009.3698630137,390.38,2009.3698630137,387.08
2009.87397260274,386.05,2009.87397260274,388.25,2009.45479452055,389.74,2009.45479452055,387.26
2009.95616438356,387.48,2009.95616438356,388.39,2009.53698630137,388.2,2009.53698630137,387.45
2010.04109589041,388.55,2010.04109589041,388.49,2009.62191780822,386.11,2009.62191780822,387.65
2010.12602739726,390.08,2010.12602739726,389.33,2009.70684931507,384.45,2009.70684931507,387.87
2010.20273972603,391.02,2010.20273972603,389.52,2009.78904109589,384.58,2009.78904109589,388.08
2010.28767123288,392.39,2010.28767123288,389.67,2009.87397260274,386.12,2009.87397260274,388.3
2010.3698630137,393.24,2010.3698630137,389.93,2009.95616438356,387.64,2009.95616438356,388.53
2010.45479452055,392.26,2010.45479452055,389.75,2010.04109589041,388.83,2010.04109589041,388.76
2010.53698630137,390.35,2010.53698630137,389.56,2010.12602739726,389.75,2010.12602739726,388.98
2010.62191780822,388.53,2010.62191780822,390.04,2010.20273972603,390.7,2010.20273972603,389.18
2010.70684931507,386.85,2010.70684931507,390.26,2010.28767123288,392.12,2010.28767123288,389.39
2010.78904109589,387.18,2010.78904109589,390.7,2010.3698630137,392.89,2010.3698630137,389.58
2010.87397260274,388.69,2010.87397260274,390.91,2010.45479452055,392.26,2010.45479452055,389.77
2010.95616438356,389.83,2010.95616438356,390.74,2010.53698630137,390.7,2010.53698630137,389.95
2011.04109589041,391.33,2011.04109589041,391.27,2010.62191780822,388.57,2010.62191780822,390.12
2011.12602739726,391.96,2011.12602739726,391.21,2010.70684931507,386.86,2010.70684931507,390.29
2011.20273972603,392.49,2011.20273972603,390.98,2010.78904109589,386.94,2010.78904109589,390.44
2011.28767123288,393.41,2011.28767123288,390.68,2010.87397260274,388.41,2010.87397260274,390.6
2011.3698630137,394.33,2011.3698630137,391.01,2010.95616438356,389.85,2010.95616438356,390.73
2011.45479452055,393.75,2011.45479452055,391.23,2011.04109589041,390.94,2011.04109589041,390.87
2011.53698630137,392.64,2011.53698630137,391.85,2011.12602739726,391.77,2011.12602739726,391
2011.62191780822,390.25,2011.62191780822,391.76,2011.20273972603,392.65,2011.20273972603,391.12
2011.70684931507,389.05,2011.70684931507,392.47,2011.28767123288,394,2011.28767123288,391.26
2011.78904109589,388.98,2011.78904109589,392.51,2011.3698630137,394.73,2011.3698630137,391.41
2011.87397260274,390.3,2011.87397260274,392.52,2011.45479452055,394.06,2011.45479452055,391.57
2011.95616438356,391.86,2011.95616438356,392.77,2011.53698630137,392.49,2011.53698630137,391.73
2012.04098360656,393.13,2012.04098360656,393.07,2011.62191780822,390.36,2011.62191780822,391.91
2012.12568306011,393.42,2012.12568306011,392.66,2011.70684931507,388.66,2011.70684931507,392.09
2012.20491803279,394.43,2012.20491803279,392.89,2011.78904109589,388.76,2011.78904109589,392.27
2012.28961748634,396.51,2012.28961748634,393.75,2011.87397260274,390.27,2011.87397260274,392.46
2012.37158469945,396.96,2012.37158469945,393.63,2011.95616438356,391.75,2011.95616438356,392.64
2012.45628415301,395.97,2012.45628415301,393.47,2012.04098360656,392.9,2012.04098360656,392.83
2012.53825136612,394.6,2012.53825136612,393.84,2012.12568306011,393.78,2012.12568306011,393.02
2012.62295081967,392.61,2012.62295081967,394.16,2012.20491803279,394.76,2012.20491803279,393.2
2012.70765027322,391.2,2012.70765027322,394.64,2012.28961748634,396.18,2012.28961748634,393.41
2012.78961748634,391.09,2012.78961748634,394.62,2012.37158469945,396.94,2012.37158469945,393.61
2012.87431693989,393.03,2012.87431693989,395.25,2012.45628415301,396.31,2012.45628415301,393.83
2012.95628415301,394.42,2012.95628415301,395.33,2012.53825136612,394.78,2012.53825136612,394.05
2013.04109589041,395.69,2013.04109589041,395.63,2012.62295081967,392.7,2012.62295081967,394.29
2013.12602739726,396.94,2013.12602739726,396.18,2012.70765027322,391.07,2012.70765027322,394.53
2013.20273972603,397.35,2013.20273972603,395.84,2012.78961748634,391.24,2012.78961748634,394.77
2013.28767123288,398.44,2013.28767123288,395.71,2012.87431693989,392.82,2012.87431693989,395.01
2013.3698630137,400.06,2013.3698630137,396.72,2012.95628415301,394.35,2012.95628415301,395.24
2013.45479452055,398.95,2013.45479452055,396.43,2013.04109589041,395.55,2013.04109589041,395.48
2013.53698630137,397.46,2013.53698630137,396.66,2013.12602739726,396.47,2013.12602739726,395.7
2013.62191780822,395.49,2013.62191780822,397.01,2013.20273972603,397.44,2013.20273972603,395.9
2013.70684931507,393.47,2013.70684931507,396.91,2013.28767123288,398.87,2013.28767123288,396.12
2013.78904109589,393.77,2013.78904109589,397.33,2013.3698630137,399.66,2013.3698630137,396.32
2013.87397260274,395.27,2013.87397260274,397.51,2013.45479452055,399.03,2013.45479452055,396.52
2013.95616438356,396.9,2013.95616438356,397.81,2013.53698630137,397.47,2013.53698630137,396.71
2014.04109589041,398.01,2014.04109589041,397.95,2013.62191780822,395.35,2013.62191780822,396.91
2014.12602739726,398.18,2014.12602739726,397.42,2013.70684931507,393.64,2013.70684931507,397.1
2014.20273972603,399.56,2014.20273972603,398.04,2013.78904109589,393.74,2013.78904109589,397.28
2014.28767123288,401.44,2014.28767123288,398.69,2013.87397260274,395.25,2013.87397260274,397.46
2014.3698630137,401.99,2014.3698630137,398.63,2013.95616438356,396.73,2013.95616438356,397.63
2014.45479452055,401.41,2014.45479452055,398.88,2014.04109589041,397.88,2014.04109589041,397.8
2014.53698630137,399.17,2014.53698630137,398.37,2014.12602739726,398.74,2014.12602739726,397.97
2014.62191780822,397.3,2014.62191780822,398.82,2014.20273972603,399.66,2014.20273972603,398.12
2014.70684931507,395.49,2014.70684931507,398.94,2014.28767123288,401.06,2014.28767123288,398.29
2014.78904109589,395.74,2014.78904109589,399.3,2014.3698630137,401.8,2014.3698630137,398.45
2014.87397260274,397.32,2014.87397260274,399.56,2014.45479452055,401.13,2014.45479452055,398.61
2014.95616438356,398.88,2014.95616438356,399.8,2014.53698630137,399.53,2014.53698630137,398.77
2015.04109589041,399.94,2015.04109589041,399.88,2014.62191780822,397.36,2014.62191780822,398.93
2015.12602739726,400.39,2015.12602739726,399.63,2014.70684931507,395.62,2014.70684931507,399.09
2015.20273972603,401.6,2015.20273972603,400.07,2014.78904109589,395.7,2014.78904109589,399.25
2015.28767123288,403.53,2015.28767123288,400.77,2014.87397260274,397.2,2014.87397260274,399.42
2015.3698630137,404.04,2015.3698630137,400.67,2014.95616438356,398.69,2014.95616438356,399.58
2015.45479452055,402.81,2015.45479452055,400.26,2015.04109589041,399.83,2015.04109589041,399.76
2015.53698630137,401.54,2015.53698630137,400.74,2015.12602739726,400.71,2015.12602739726,399.93
2015.62191780822,398.93,2015.62191780822,400.46,2015.20273972603,401.64,2015.20273972603,400.1
2015.70684931507,397.43,2015.70684931507,400.89,2015.28767123288,403.07,2015.28767123288,400.29
2015.78904109589,398.22,2015.78904109589,401.79,2015.3698630137,403.85,2015.3698630137,400.49
2015.87397260274,400.17,2015.87397260274,402.42,2015.45479452055,403.23,2015.45479452055,400.71
2015.95616438356,401.82,2015.95616438356,402.74,2015.53698630137,401.71,2015.53698630137,400.94
2016.04098360656,402.58,2016.04098360656,402.52,2015.62191780822,399.64,2015.62191780822,401.21
2016.12568306011,404.09,2016.12568306011,403.33,2015.70684931507,398.02,2015.70684931507,401.49
2016.20491803279,404.79,2016.20491803279,403.23,2015.78904109589,398.23,2015.78904109589,401.79
2016.28961748634,407.5,2016.28961748634,404.71,2015.87397260274,399.88,2015.87397260274,402.1
2016.37158469945,407.59,2016.37158469945,404.22,2015.95616438356,401.51,2015.95616438356,402.41
2016.45628415301,406.94,2016.45628415301,404.41,2016.04098360656,402.8,2016.04098360656,402.73
2016.53825136612,404.43,2016.53825136612,403.66,2016.12568306011,403.81,2016.12568306011,403.03
2016.62295081967,402.17,2016.62295081967,403.73,2016.20491803279,404.89,2016.20491803279,403.31
2016.70765027322,400.95,2016.70765027322,404.43,2016.28961748634,406.4,2016.28961748634,403.59
2016.78961748634,401.43,2016.78961748634,405.01,2016.37158469945,407.21,2016.37158469945,403.84
2016.87431693989,403.57,2016.87431693989,405.82,2016.45628415301,406.58,2016.45628415301,404.08
2016.95628415301,404.48,2016.95628415301,405.4,2016.53825136612,405.04,2016.53825136612,404.3
2017.04109589041,406,2017.04109589041,405.94,2016.62295081967,402.92,2016.62295081967,404.53
2017.12602739726,406.57,2017.12602739726,405.81,2016.70765027322,401.25,2016.70765027322,404.75
2017.20273972603,406.99,2017.20273972603,405.45,2016.78961748634,401.39,2016.78961748634,404.96
2017.28767123288,408.88,2017.28767123288,406.11,2016.87431693989,402.95,2016.87431693989,405.17
2017.3698630137,409.84,2017.3698630137,406.46,2016.95628415301,404.46,2016.95628415301,405.36
2017.45479452055,409.05,2017.45479452055,406.49,2017.04109589041,405.63,2017.04109589041,405.55
2017.53698630137,407.13,2017.53698630137,406.33,2017.12602739726,406.51,2017.12602739726,405.74
2017.62191780822,405.17,2017.62191780822,406.71,2017.20273972603,407.45,2017.20273972603,405.89
2017.70684931507,403.2,2017.70684931507,406.68,2017.28767123288,408.85,2017.28767123288,406.06
2017.78904109589,403.57,2017.78904109589,407.17,2017.3698630137,409.6,2017.3698630137,406.22
2017.87397260274,405.1,2017.87397260274,407.36,2017.45479452055,408.92,2017.45479452055,406.38
2017.95616438356,406.68,2017.95616438356,407.61,2017.53698630137,407.31,2017.53698630137,406.54
2018.04109589041,407.98,2018.04109589041,407.92,2017.62191780822,405.12,2017.62191780822,406.7
2018.12602739726,408.36,2018.12602739726,407.59,2017.70684931507,403.35,2017.70684931507,406.85
2018.20273972603,409.21,2018.20273972603,407.67,2017.78904109589,403.42,2017.78904109589,407
2018.28767123288,410.24,2018.28767123288,407.46,2017.87397260274,404.93,2017.87397260274,407.16
2018.3698630137,411.23,2018.3698630137,407.84,2017.95616438356,406.4,2017.95616438356,407.31
2018.45479452055,410.81,2018.45479452055,408.25,2018.04109589041,407.54,2018.04109589041,407.46
2018.53698630137,408.83,2018.53698630137,408.02,2018.12602739726,408.4,2018.12602739726,407.62
2018.62191780822,407.02,2018.62191780822,408.57,2018.20273972603,409.33,2018.20273972603,407.77
2018.70684931507,405.52,2018.70684931507,409.01,2018.28767123288,410.75,2018.28767123288,407.95
2018.78904109589,405.93,2018.78904109589,409.53,2018.3698630137,411.53,2018.3698630137,408.14
2018.87397260274,408.04,2018.87397260274,410.31,2018.45479452055,410.9,2018.45479452055,408.36
2018.95616438356,409.17,2018.95616438356,410.09,2018.53698630137,409.36,2018.53698630137,408.59
2019.04109589041,410.85,2019.04109589041,410.79,2018.62191780822,407.26,2018.62191780822,408.85
2019.12602739726,411.59,2019.12602739726,410.82,2018.70684931507,405.61,2018.70684931507,409.12
2019.20273972603,411.91,2019.20273972603,410.37,2018.78904109589,405.79,2018.78904109589,409.38
2019.28767123288,413.46,2019.28767123288,410.67,2018.87397260274,407.41,2018.87397260274,409.65
2019.3698630137,414.76,2019.3698630137,411.36,2018.95616438356,409,2018.95616438356,409.91
2019.45479452055,413.89,2019.45479452055,411.32,2019.04109589041,410.24,2019.04109589041,410.17
2019.53698630137,411.78,2019.53698630137,410.97,2019.12602739726,411.2,2019.12602739726,410.41
2019.62191780822,410.01,2019.62191780822,411.56,2019.20273972603,412.19,2019.20273972603,410.62
2019.70684931507,408.48,2019.70684931507,411.98,2019.28767123288,413.66,2019.28767123288,410.85
2019.78904109589,408.4,2019.78904109589,412.01,2019.3698630137,414.47,2019.3698630137,411.07
2019.87397260274,410.16,2019.87397260274,412.44,2019.45479452055,413.84,2019.45479452055,411.29
2019.95616438356,411.81,2019.95616438356,412.74,2019.53698630137,412.28,2019.53698630137,411.51
2020.04098360656,413.3,2020.04098360656,413.24,2019.62191780822,410.14,2019.62191780822,411.73
2020.12568306011,414.05,2020.12568306011,413.27,2019.70684931507,408.43,2019.70684931507,411.95
2020.20491803279,414.45,2020.20491803279,412.87,2019.78904109589,408.57,2019.78904109589,412.17
2020.28961748634,416.11,2020.28961748634,413.29,2019.87397260274,410.15,2019.87397260274,412.39
2020.37158469945,417.15,2020.37158469945,413.75,2019.95616438356,411.69,2019.95616438356,412.61
2020.45628415301,416.29,2020.45628415301,413.73,2020.04098360656,412.89,2020.04098360656,412.82
2020.53825136612,414.42,2020.53825136612,413.64,2020.12568306011,413.81,2020.12568306011,413.03
2020.62295081967,412.52,2020.62295081967,414.1,2020.20491803279,414.82,2020.20491803279,413.22
2020.70765027322,411.18,2020.70765027322,414.7,2020.28961748634,416.26,2020.28961748634,413.42
2020.78961748634,411.12,2020.78961748634,414.74,2020.37158469945,417.02,2020.37158469945,413.62
2020.87431693989,412.88,2020.87431693989,415.16,2020.45628415301,416.35,2020.45628415301,413.82
2020.95628415301,413.89,2020.95628415301,414.82,2020.53825136612,414.75,2020.53825136612,414.01
2021.04109589041,415.15,2021.04109589041,415.09,2020.62295081967,412.59,2020.62295081967,414.21
2021.12602739726,416.47,2021.12602739726,415.7,2020.70765027322,410.86,2020.70765027322,414.4
2021.20273972603,417.16,2021.20273972603,415.61,2020.78961748634,410.98,2020.78961748634,414.59
2021.28767123288,418.24,2021.28767123288,415.44,2020.87431693989,412.52,2020.87431693989,414.77
2021.3698630137,418.95,2021.3698630137,415.53,2020.95628415301,414.03,2020.95628415301,414.94
2021.45479452055,418.7,2021.45479452055,416.11,2021.04109589041,415.19,2021.04109589041,415.12
2021.53698630137,416.65,2021.53698630137,415.83,2021.12602739726,416.07,2021.12602739726,415.29
2021.62191780822,414.34,2021.62191780822,415.9,2021.20273972603,417.01,2021.20273972603,415.44
2021.70684931507,412.9,2021.70684931507,416.43,2021.28767123288,418.43,2021.28767123288,415.61
2021.78904109589,413.55,2021.78904109589,417.18,2021.3698630137,419.2,2021.3698630137,415.78
2021.87397260274,414.81,2021.87397260274,417.1,2021.45479452055,418.54,2021.45479452055,415.97
2021.95616438356,416.43,2021.95616438356,417.37,2021.53698630137,416.95,2021.53698630137,416.17
2022.04109589041,418.01,2022.04109589041,417.95,2021.62191780822,414.79,2021.62191780822,416.39
2022.12602739726,418.97,2022.12602739726,418.19,2021.70684931507,413.08,2021.70684931507,416.62
2022.1301369863,418.8,2022.1301369863,418.8,2021.78904109589,413.24,2021.78904109589,416.86
2022.13287671233,418.58,2022.13287671233,418.58,2021.87397260274,414.86,2021.87397260274,417.12
2022.13424657534,418.75,2022.13424657534,418.75,2021.95616438356,416.45,2021.95616438356,417.37
2022.13561643836,418.46,2022.13561643836,418.46,2022.04109589041,417.71,2022.04109589041,417.63
2022.13835616438,418.38,2022.13835616438,418.38,2022.12602739726,418.69,2022.12602739726,417.9
2022.14109589041,418.49,2022.14109589041,418.49,2022.1301369863,418.8,2022.1301369863,418.8
2022.14383561644,419.8,2022.14383561644,419.8,2022.13287671233,418.58,2022.13287671233,418.58
2022.14657534247,420.14,2022.14657534247,420.14,2022.13424657534,418.75,2022.13424657534,418.75
2022.14931506849,420.64,2022.14931506849,420.64,2022.13561643836,418.46,2022.13561643836,418.46
2022.15205479452,419.55,2022.15205479452,419.55,2022.13835616438,418.38,2022.13835616438,418.38
2022.15342465753,419.54,2022.15342465753,419.54,2022.14109589041,418.49,2022.14109589041,418.49
2022.15479452055,419,2022.15479452055,419,2022.14383561644,419.8,2022.14383561644,419.8
2022.15753424658,419.36,2022.15753424658,419.36,2022.14657534247,420.14,2022.14657534247,420.14
2022.1602739726,419.05,2022.1602739726,419.05,2022.14931506849,420.64,2022.14931506849,420.64
2022.16301369863,419.01,2022.16301369863,419.01,2022.15205479452,419.55,2022.15205479452,419.55
2022.16575342466,418.79,2022.16575342466,418.79,2022.15342465753,419.54,2022.15342465753,419.54
2022.16849315068,418.66,2022.16849315068,418.66,2022.15479452055,419,2022.15479452055,419
2022.17123287671,418.59,2022.17123287671,418.59,2022.15753424658,419.36,2022.15753424658,419.36
2022.17260273973,418.34,2022.17260273973,418.34,2022.1602739726,419.05,2022.1602739726,419.05
2022.17397260274,418.47,2022.17397260274,418.47,2022.16301369863,419.01,2022.16301369863,419.01
2022.17671232877,418.26,2022.17671232877,418.26,2022.16575342466,418.79,2022.16575342466,418.79
2022.17945205479,417.74,2022.17945205479,417.74,2022.16849315068,418.66,2022.16849315068,418.66
2022.18219178082,417.88,2022.18219178082,417.88,2022.17123287671,418.59,2022.17123287671,418.59
NaN,NaN,NaN,NaN,2022.17260273973,418.34,2022.17260273973,418.34
NaN,NaN,NaN,NaN,2022.17397260274,418.47,2022.17397260274,418.47
NaN,NaN,NaN,NaN,2022.17671232877,418.26,2022.17671232877,418.26
NaN,NaN,NaN,NaN,2022.17945205479,417.74,2022.17945205479,417.74
NaN,NaN,NaN,NaN,2022.18219178082,417.88,2022.18219178082,417.88
