date_hr,co2_hr,date_dy,co2_dy
2022.07948820396,419.49,2022.08082191781,418.98
2022.07948820396,419.49,2022.08356164384,419.11
2022.07952625571,419.59,2022.08630136986,419.07
2022.07952625571,419.59,2022.08904109589,419.18
2022.07955669711,419.54,2022.09178082192,419.03
2022.07955669711,419.54,2022.09452054795,418.85
2022.07960235921,419.47,2022.09726027397,418.47
2022.07960235921,419.47,2022.1,418.53
2022.07964041096,419.43,2022.10273972603,418.37
2022.07964041096,419.43,2022.10821917808,418.48
2022.07967085236,419.32,2022.11095890411,417.71
2022.07967085236,419.32,2022.11369863014,417.71
2022.07971461187,419.34,2022.11643835616,417.43
2022.07971461187,419.34,2022.11917808219,421.29
2022.07975456621,419.44,2022.12191780822,420.06
2022.07975456621,419.44,2022.12465753425,419.64
2022.07978500761,419.37,2022.1301369863,418.8
2022.07978500761,419.37,2022.13287671233,418.58
2022.07983066971,419.58,2022.13561643836,418.46
2022.07983066971,419.58,2022.13835616438,418.38
2022.07988394216,419.51,2022.14109589041,418.49
2022.07988394216,419.51,2022.14383561644,419.8
2022.07996385084,419.32,2022.14657534247,420.14
2022.07996385084,419.32,2022.14931506849,420.64
2022.07997716895,419.38,2022.15205479452,419.55
2022.07997716895,419.38,2022.15479452055,419
2022.08000190259,419.2,2022.15753424658,419.36
2022.08000190259,419.2,2022.1602739726,419.05
2022.08007800609,418.4,2022.16301369863,419.01
2022.08007800609,418.4,2022.16575342466,418.79
2022.08009322679,418.65,2022.16849315068,418.66
2022.08009322679,418.65,2022.17123287671,418.59
2022.08011605784,418.26,2022.17397260274,418.47
2022.08011605784,418.26,2022.17671232877,418.26
2022.08019216134,418.36,2022.17945205479,417.74
2022.08019216134,418.36,NaN,NaN
2022.08020738204,418.23,NaN,NaN
2022.08020738204,418.23,NaN,NaN
2022.0802283105,418.36,NaN,NaN
2022.0802283105,418.36,NaN,NaN
2022.08030631659,418.11,NaN,NaN
2022.08030631659,418.11,NaN,NaN
2022.0803196347,418.24,NaN,NaN
2022.0803196347,418.24,NaN,NaN
2022.08034436834,418.24,NaN,NaN
2022.08034436834,418.24,NaN,NaN
2022.08041666667,418.44,NaN,NaN
2022.08041666667,418.44,NaN,NaN
2022.08047374429,418.53,NaN,NaN
2022.08047374429,418.53,NaN,NaN
2022.08051560122,418.46,NaN,NaN
2022.08051560122,418.46,NaN,NaN
2022.08055365297,418.35,NaN,NaN
2022.08055365297,418.35,NaN,NaN
2022.08058409437,418.45,NaN,NaN
2022.08058409437,418.45,NaN,NaN
2022.08062975647,418.57,NaN,NaN
2022.08062975647,418.57,NaN,NaN
2022.08066780822,418.73,NaN,NaN
2022.08066780822,418.73,NaN,NaN
2022.08069824962,418.74,NaN,NaN
2022.08069824962,418.74,NaN,NaN
2022.08074200913,418.67,NaN,NaN
2022.08074200913,418.67,NaN,NaN
2022.08078196347,418.67,NaN,NaN
2022.08078196347,418.67,NaN,NaN
2022.08081240487,418.57,NaN,NaN
2022.08081240487,418.57,NaN,NaN
2022.08085806697,418.63,NaN,NaN
2022.08085806697,418.63,NaN,NaN
2022.08091133942,418.63,NaN,NaN
2022.08091133942,418.63,NaN,NaN
2022.0809912481,418.77,NaN,NaN
2022.0809912481,418.77,NaN,NaN
2022.08100456621,418.67,NaN,NaN
2022.08100456621,418.67,NaN,NaN
2022.08102929985,418.6,NaN,NaN
2022.08102929985,418.6,NaN,NaN
2022.08110540335,418.15,NaN,NaN
2022.08110540335,418.15,NaN,NaN
2022.08112062405,418,NaN,NaN
2022.08112062405,418,NaN,NaN
2022.0811434551,417.92,NaN,NaN
2022.0811434551,417.92,NaN,NaN
2022.0812195586,418.1,NaN,NaN
2022.0812195586,418.1,NaN,NaN
2022.0812347793,417.9,NaN,NaN
2022.0812347793,417.9,NaN,NaN
2022.08125570776,417.13,NaN,NaN
2022.08125570776,417.13,NaN,NaN
2022.08133371385,417.22,NaN,NaN
2022.08133371385,417.22,NaN,NaN
2022.08134703196,417.28,NaN,NaN
2022.08134703196,417.28,NaN,NaN
2022.0813717656,417.27,NaN,NaN
2022.0813717656,417.27,NaN,NaN
2022.0814478691,417.36,NaN,NaN
2022.0814478691,417.36,NaN,NaN
2022.0814630898,417.28,NaN,NaN
2022.0814630898,417.28,NaN,NaN
2022.08148592085,417.08,NaN,NaN
2022.08148592085,417.08,NaN,NaN
2022.08156392694,417.28,NaN,NaN
2022.08156392694,417.28,NaN,NaN
2022.08156773212,417.96,NaN,NaN
2022.08156773212,417.96,NaN,NaN
2022.08160197869,418.13,NaN,NaN
2022.08160197869,418.13,NaN,NaN
2022.08167808219,418.98,NaN,NaN
2022.08167808219,418.98,NaN,NaN
2022.08168188737,418.74,NaN,NaN
2022.08168188737,418.74,NaN,NaN
2022.08171613394,419.01,NaN,NaN
2022.08171613394,419.01,NaN,NaN
2022.08179223744,418.83,NaN,NaN
2022.08179223744,418.83,NaN,NaN
2022.08179604262,418.81,NaN,NaN
2022.08179604262,418.81,NaN,NaN
2022.08182838661,418.8,NaN,NaN
2022.08182838661,418.8,NaN,NaN
2022.08190639269,418.91,NaN,NaN
2022.08190639269,418.91,NaN,NaN
2022.08191019787,418.89,NaN,NaN
2022.08191019787,418.89,NaN,NaN
2022.08194444444,419.04,NaN,NaN
2022.08194444444,419.04,NaN,NaN
2022.08202054795,419.14,NaN,NaN
2022.08202054795,419.14,NaN,NaN
2022.08202435312,419.11,NaN,NaN
2022.08202435312,419.11,NaN,NaN
2022.0820585997,419.17,NaN,NaN
2022.0820585997,419.17,NaN,NaN
2022.08212899543,419.12,NaN,NaN
2022.08212899543,419.12,NaN,NaN
2022.08218797565,419.08,NaN,NaN
2022.08218797565,419.08,NaN,NaN
2022.08222983257,419.15,NaN,NaN
2022.08222983257,419.15,NaN,NaN
2022.08226788432,419.14,NaN,NaN
2022.08226788432,419.14,NaN,NaN
2022.08229642314,419.1,NaN,NaN
2022.08229642314,419.1,NaN,NaN
2022.08234208524,419.13,NaN,NaN
2022.08234208524,419.13,NaN,NaN
2022.08238203957,419.14,NaN,NaN
2022.08238203957,419.14,NaN,NaN
2022.08241057839,419.13,NaN,NaN
2022.08241057839,419.13,NaN,NaN
2022.08245814307,419.12,NaN,NaN
2022.08245814307,419.12,NaN,NaN
2022.08249619482,419.11,NaN,NaN
2022.08249619482,419.11,NaN,NaN
2022.08252473364,419.05,NaN,NaN
2022.08252473364,419.05,NaN,NaN
2022.08257229833,419.11,NaN,NaN
2022.08257229833,419.11,NaN,NaN
2022.08262557078,419.14,NaN,NaN
2022.08262557078,419.14,NaN,NaN
2022.08270547945,419.06,NaN,NaN
2022.08270547945,419.06,NaN,NaN
2022.08270928463,419.07,NaN,NaN
2022.08270928463,419.07,NaN,NaN
2022.0827435312,419.14,NaN,NaN
2022.0827435312,419.14,NaN,NaN
2022.0828196347,418.66,NaN,NaN
2022.0828196347,418.66,NaN,NaN
2022.08282343988,418.64,NaN,NaN
2022.08282343988,418.64,NaN,NaN
2022.08285578387,418.66,NaN,NaN
2022.08285578387,418.66,NaN,NaN
2022.08293378995,418.39,NaN,NaN
2022.08293378995,418.39,NaN,NaN
2022.08293759513,418.42,NaN,NaN
2022.08293759513,418.42,NaN,NaN
2022.0829718417,418.29,NaN,NaN
2022.0829718417,418.29,NaN,NaN
2022.08304794521,418.35,NaN,NaN
2022.08304794521,418.35,NaN,NaN
2022.08305175038,418.55,NaN,NaN
2022.08305175038,418.55,NaN,NaN
2022.08308599696,418.57,NaN,NaN
2022.08308599696,418.57,NaN,NaN
2022.08315639269,418.75,NaN,NaN
2022.08315639269,418.75,NaN,NaN
2022.08321537291,418.9,NaN,NaN
2022.08321537291,418.9,NaN,NaN
2022.08325722983,419.15,NaN,NaN
2022.08325722983,419.15,NaN,NaN
2022.08329528158,419.19,NaN,NaN
2022.08329528158,419.19,NaN,NaN
2022.0833238204,419.17,NaN,NaN
2022.0833238204,419.17,NaN,NaN
2022.0833694825,418.95,NaN,NaN
2022.0833694825,418.95,NaN,NaN
2022.08340943683,418.96,NaN,NaN
2022.08340943683,418.96,NaN,NaN
2022.08343797565,418.95,NaN,NaN
2022.08343797565,418.95,NaN,NaN
2022.08348554033,418.83,NaN,NaN
2022.08348554033,418.83,NaN,NaN
2022.08352359209,418.75,NaN,NaN
2022.08352359209,418.75,NaN,NaN
2022.0835521309,418.82,NaN,NaN
2022.0835521309,418.82,NaN,NaN
2022.08359969559,418.83,NaN,NaN
2022.08359969559,418.83,NaN,NaN
2022.08365296804,418.58,NaN,NaN
2022.08365296804,418.58,NaN,NaN
2022.08373287671,418.34,NaN,NaN
2022.08373287671,418.34,NaN,NaN
2022.08373668189,418.41,NaN,NaN
2022.08373668189,418.41,NaN,NaN
2022.08377092846,418.27,NaN,NaN
2022.08377092846,418.27,NaN,NaN
2022.08384703196,418.17,NaN,NaN
2022.08385083714,418.21,NaN,NaN
2022.08388318113,418.2,NaN,NaN
2022.08396118721,418.33,NaN,NaN
2022.0839630898,418.3,NaN,NaN
2022.08400114155,418.44,NaN,NaN
2022.08407724505,418.41,NaN,NaN
2022.08407724505,418.43,NaN,NaN
2022.08411339422,418.48,NaN,NaN
2022.08418569254,418.54,NaN,NaN
2022.0841914003,418.52,NaN,NaN
2022.08422945205,418.59,NaN,NaN
2022.08429033486,418.86,NaN,NaN
2022.08430745814,419,NaN,NaN
2022.08434360731,418.86,NaN,NaN
2022.08440449011,418.74,NaN,NaN
2022.08442161339,418.77,NaN,NaN
2022.08445966514,418.8,NaN,NaN
2022.08451864536,418.73,NaN,NaN
2022.08453576865,418.74,NaN,NaN
2022.0845738204,418.59,NaN,NaN
2022.08463280061,418.45,NaN,NaN
2022.0846499239,418.42,NaN,NaN
2022.08468607306,418.46,NaN,NaN
2022.08474695586,418.49,NaN,NaN
2022.08476407915,418.5,NaN,NaN
2022.0848021309,418.45,NaN,NaN
2022.08487062405,418.52,NaN,NaN
2022.08492770167,418.61,NaN,NaN
2022.08497336377,418.58,NaN,NaN
2022.08501141553,418.79,NaN,NaN
2022.08503614916,418.78,NaN,NaN
2022.08508751903,418.89,NaN,NaN
2022.08512557078,419.08,NaN,NaN
2022.08515030441,419.14,NaN,NaN
2022.08519977169,419.15,NaN,NaN
2022.08523972603,419.07,NaN,NaN
2022.08526445967,418.97,NaN,NaN
2022.08531582953,418.91,NaN,NaN
2022.0853652968,418.81,NaN,NaN
2022.08543188737,419.04,NaN,NaN
2022.08544901065,418.94,NaN,NaN
2022.0854870624,418.99,NaN,NaN
2022.08554604262,419.1,NaN,NaN
2022.08556316591,419.12,NaN,NaN
2022.08560121766,419.11,NaN,NaN
2022.08566019787,419.26,NaN,NaN
2022.08567732116,419.16,NaN,NaN
2022.08571347032,419.13,NaN,NaN
2022.08577435312,419.14,NaN,NaN
2022.08579147641,419.09,NaN,NaN
2022.08582952816,419.03,NaN,NaN
2022.08589802131,419.06,NaN,NaN
2022.08595509893,419.07,NaN,NaN
2022.08600076103,418.96,NaN,NaN
2022.08603881279,418.91,NaN,NaN
2022.08606354642,418.76,NaN,NaN
2022.08611491629,418.87,NaN,NaN
2022.08615296804,419.22,NaN,NaN
2022.08617770167,419.1,NaN,NaN
2022.08622716895,419.22,NaN,NaN
2022.08626712329,420.22,NaN,NaN
2022.08629185693,420.24,NaN,NaN
2022.08634322679,419.89,NaN,NaN
2022.08639269406,419.82,NaN,NaN
2022.08645928463,419.44,NaN,NaN
2022.08647640791,419.24,NaN,NaN
2022.08651445967,418.88,NaN,NaN
2022.08657343988,419.14,NaN,NaN
2022.08659056317,419.08,NaN,NaN
2022.08662861492,419.05,NaN,NaN
2022.08668759513,418.85,NaN,NaN
2022.08670471842,418.91,NaN,NaN
2022.08674086758,418.71,NaN,NaN
2022.08680175038,418.62,NaN,NaN
2022.08681887367,418.59,NaN,NaN
2022.08685692542,418.28,NaN,NaN
2022.08691590563,418.77,NaN,NaN
2022.08693302892,418.9,NaN,NaN
2022.08697108067,418.88,NaN,NaN
2022.08702245053,419.27,NaN,NaN
2022.08704718417,419.2,NaN,NaN
2022.08708713851,419.26,NaN,NaN
2022.08713660578,419.21,NaN,NaN
2022.08716324201,419.22,NaN,NaN
2022.08720129376,419.25,NaN,NaN
2022.08724885845,419.18,NaN,NaN
2022.08727549467,419.13,NaN,NaN
2022.08731544901,419.04,NaN,NaN
2022.08736491629,419.02,NaN,NaN
2022.08739155251,419.07,NaN,NaN
2022.08742960426,419.11,NaN,NaN
2022.08747907154,419.19,NaN,NaN
2022.08750570776,419.22,NaN,NaN
2022.08754375951,419.2,NaN,NaN
2022.08761225266,419.27,NaN,NaN
2022.08766933029,419.27,NaN,NaN
2022.08771499239,419.21,NaN,NaN
2022.08775304414,419.21,NaN,NaN
2022.08777587519,419.21,NaN,NaN
2022.08782914764,419.22,NaN,NaN
2022.08786719939,419.23,NaN,NaN
2022.08789003044,419.17,NaN,NaN
2022.08794330289,419.12,NaN,NaN
2022.08798135464,419.09,NaN,NaN
2022.08800418569,419.06,NaN,NaN
2022.08805745814,419.07,NaN,NaN
2022.08810502283,419.13,NaN,NaN
2022.08816400304,419.1,NaN,NaN
2022.08819063927,419.05,NaN,NaN
2022.08822869102,419.08,NaN,NaN
2022.08827625571,419.02,NaN,NaN
2022.08830289193,419.04,NaN,NaN
2022.08834284627,418.99,NaN,NaN
2022.08839231355,418.98,NaN,NaN
2022.08841894977,418.95,NaN,NaN
2022.08845700152,418.98,NaN,NaN
2022.0885064688,419.04,NaN,NaN
2022.08853310502,419.03,NaN,NaN
2022.08857115677,419.1,NaN,NaN
2022.08863964992,419.17,NaN,NaN
2022.08869672755,419.06,NaN,NaN
2022.08874238965,419.07,NaN,NaN
2022.0887804414,419.25,NaN,NaN
2022.08880327245,419.16,NaN,NaN
2022.0888565449,419.29,NaN,NaN
2022.08889459665,419.28,NaN,NaN
2022.0889174277,419.32,NaN,NaN
2022.08897070015,419.26,NaN,NaN
2022.0890087519,419.38,NaN,NaN
2022.08903158295,419.41,NaN,NaN
2022.0890848554,419.34,NaN,NaN
2022.08913242009,418.89,NaN,NaN
2022.0891914003,418.56,NaN,NaN
2022.08921803653,418.44,NaN,NaN
2022.08925608828,418.25,NaN,NaN
2022.08930365297,418.1,NaN,NaN
2022.08933028919,418.07,NaN,NaN
2022.08937024353,417.97,NaN,NaN
2022.08941590563,417.94,NaN,NaN
2022.08944634703,417.97,NaN,NaN
2022.08948630137,417.99,NaN,NaN
2022.08952435312,418.03,NaN,NaN
2022.08956050228,418.01,NaN,NaN
2022.08960045662,418.14,NaN,NaN
2022.08963850837,418.18,NaN,NaN
2022.08967656012,418.2,NaN,NaN
2022.08971461187,418.53,NaN,NaN
2022.08975456621,418.82,NaN,NaN
2022.08979071537,418.97,NaN,NaN
2022.08982876712,419.07,NaN,NaN
2022.08986872146,419.18,NaN,NaN
2022.08990677321,419.31,NaN,NaN
2022.08994482496,419.37,NaN,NaN
2022.08998287671,419.37,NaN,NaN
2022.09002092846,419.33,NaN,NaN
2022.09005898021,419.35,NaN,NaN
2022.09009703196,419.33,NaN,NaN
2022.09013318113,419.31,NaN,NaN
2022.09017313546,419.33,NaN,NaN
2022.09021118721,419.32,NaN,NaN
2022.09024923897,419.32,NaN,NaN
2022.09028729072,419.31,NaN,NaN
2022.09032534247,419.25,NaN,NaN
2022.09045852359,419.13,NaN,NaN
2022.09049657534,419.26,NaN,NaN
2022.09051560122,419.23,NaN,NaN
2022.09057267884,419.27,NaN,NaN
2022.09061073059,419.29,NaN,NaN
2022.09062975647,419.27,NaN,NaN
2022.09068683409,419.32,NaN,NaN
2022.09072488584,419.13,NaN,NaN
2022.09074391172,419.08,NaN,NaN
2022.09080098935,419.04,NaN,NaN
2022.0908390411,419.05,NaN,NaN
2022.09093607306,419.14,NaN,NaN
2022.09097222222,419.24,NaN,NaN
2022.09101027397,419.1,NaN,NaN
2022.09104832572,418.98,NaN,NaN
2022.09108637747,418.99,NaN,NaN
2022.09112442922,418.98,NaN,NaN
2022.09116057839,418.96,NaN,NaN
2022.09120053272,418.96,NaN,NaN
2022.09123858447,419.05,NaN,NaN
2022.09127663623,419.07,NaN,NaN
2022.09131468798,419.18,NaN,NaN
2022.09135273973,419.2,NaN,NaN
2022.09148592085,418.31,NaN,NaN
2022.0915239726,418.55,NaN,NaN
2022.09154299848,418.63,NaN,NaN
2022.0916000761,418.55,NaN,NaN
2022.09163812785,418.46,NaN,NaN
2022.09165715373,418.39,NaN,NaN
2022.09171423135,418.21,NaN,NaN
2022.09175228311,418.08,NaN,NaN
2022.09177130898,417.9,NaN,NaN
2022.09182838661,417.56,NaN,NaN
2022.09186643836,417.44,NaN,NaN
2022.09196347032,416.71,NaN,NaN
2022.09199961948,416.74,NaN,NaN
2022.09203767123,416.63,NaN,NaN
2022.09207572298,416.76,NaN,NaN
2022.09211377473,416.74,NaN,NaN
2022.09215182648,416.93,NaN,NaN
2022.09218797565,417.09,NaN,NaN
2022.09222792998,417.26,NaN,NaN
2022.09226598174,417.41,NaN,NaN
2022.09230403349,417.29,NaN,NaN
2022.09234208524,417.31,NaN,NaN
2022.09238013699,417.46,NaN,NaN
2022.09241818874,417.61,NaN,NaN
2022.09245624049,418.16,NaN,NaN
2022.09249429224,418.04,NaN,NaN
2022.0925304414,418.66,NaN,NaN
2022.09257039574,419.01,NaN,NaN
2022.09261035008,418.96,NaN,NaN
2022.09264840183,418.96,NaN,NaN
2022.09268455099,418.98,NaN,NaN
2022.09272450533,419.02,NaN,NaN
2022.09276065449,418.97,NaN,NaN
2022.09279870624,418.96,NaN,NaN
2022.09283866058,418.96,NaN,NaN
2022.09287671233,418.96,NaN,NaN
2022.09291286149,418.96,NaN,NaN
2022.09295281583,418.97,NaN,NaN
2022.09299086758,418.55,NaN,NaN
2022.09302701674,418.6,NaN,NaN
2022.09309550989,418.63,NaN,NaN
2022.09320015221,418.52,NaN,NaN
2022.09323820396,418.67,NaN,NaN
2022.09324581431,418.65,NaN,NaN
2022.09331430746,418.72,NaN,NaN
2022.09335235921,418.8,NaN,NaN
2022.09335996956,418.71,NaN,NaN
2022.09342846271,418.85,NaN,NaN
2022.09346651446,418.87,NaN,NaN
2022.09347222222,418.86,NaN,NaN
2022.09351217656,418.89,NaN,NaN
2022.09354261796,418.92,NaN,NaN
2022.09358828006,418.92,NaN,NaN
2022.09363584475,418.96,NaN,NaN
2022.09367579909,418.89,NaN,NaN
2022.09371385084,418.93,NaN,NaN
2022.09375190259,418.91,NaN,NaN
2022.09378805175,418.9,NaN,NaN
2022.0938261035,418.85,NaN,NaN
2022.09386605784,418.78,NaN,NaN
2022.09390410959,418.82,NaN,NaN
2022.09394025875,418.86,NaN,NaN
2022.09398021309,418.89,NaN,NaN
2022.09401826484,418.91,NaN,NaN
2022.094054414,418.97,NaN,NaN
2022.09412290715,419.02,NaN,NaN
2022.09422754947,418.51,NaN,NaN
2022.09426560122,418.49,NaN,NaN
2022.09427321157,418.44,NaN,NaN
2022.09434170472,418.37,NaN,NaN
2022.09437975647,418.29,NaN,NaN
2022.09438736682,418.18,NaN,NaN
2022.09445585997,418.21,NaN,NaN
2022.09449391172,418.25,NaN,NaN
2022.09449961948,418.15,NaN,NaN
2022.09453957382,418.07,NaN,NaN
2022.09457001522,417.97,NaN,NaN
2022.09461567732,417.71,NaN,NaN
2022.09466324201,417.68,NaN,NaN
2022.09470319635,417.55,NaN,NaN
2022.0947412481,417.5,NaN,NaN
2022.09477929985,417.45,NaN,NaN
2022.09481544901,417.35,NaN,NaN
2022.09485350076,417.29,NaN,NaN
2022.0948934551,417.08,NaN,NaN
2022.09493150685,416.9,NaN,NaN
2022.09496765601,416.97,NaN,NaN
2022.09500761035,416.99,NaN,NaN
2022.0950456621,417.03,NaN,NaN
2022.09508181126,416.97,NaN,NaN
2022.0951217656,417.18,NaN,NaN
2022.09516171994,417.1,NaN,NaN
2022.09519596651,416.79,NaN,NaN
2022.09523592085,416.76,NaN,NaN
2022.09527587519,416.69,NaN,NaN
2022.09531012177,416.84,NaN,NaN
2022.09535388128,416.78,NaN,NaN
2022.09539193303,416.79,NaN,NaN
2022.09542427702,417.61,NaN,NaN
2022.09546803653,418.54,NaN,NaN
2022.09550608828,418.62,NaN,NaN
2022.09553843227,418.63,NaN,NaN
2022.09558028919,418.56,NaN,NaN
2022.09562024353,418.63,NaN,NaN
2022.09565258752,418.75,NaN,NaN
2022.09569634703,418.46,NaN,NaN
2022.09573439878,418.43,NaN,NaN
2022.09576674277,418.47,NaN,NaN
2022.09583713851,418.47,NaN,NaN
2022.09594368341,418.57,NaN,NaN
2022.09596841705,418.69,NaN,NaN
2022.09598173516,418.74,NaN,NaN
2022.09605783866,419.14,NaN,NaN
2022.0960825723,419.02,NaN,NaN
2022.09609398782,419.03,NaN,NaN
2022.09617199391,419.28,NaN,NaN
2022.09619672755,419.42,NaN,NaN
2022.09621004566,419.38,NaN,NaN
2022.09625380518,419.67,NaN,NaN
2022.09628614916,419.72,NaN,NaN
2022.09632990868,419.56,NaN,NaN
2022.09637747336,419.4,NaN,NaN
2022.09641933029,419.35,NaN,NaN
2022.09645547945,419.28,NaN,NaN
2022.09649543379,419.33,NaN,NaN
2022.09653348554,419.22,NaN,NaN
2022.09656582953,419.19,NaN,NaN
2022.09660768645,419.04,NaN,NaN
2022.09664764079,418.75,NaN,NaN
2022.09667808219,418.51,NaN,NaN
2022.09672374429,418.45,NaN,NaN
2022.09676179604,418.46,NaN,NaN
2022.09679414003,418.5,NaN,NaN
2022.09686453577,418.56,NaN,NaN
2022.09697108067,418.58,NaN,NaN
2022.09699581431,418.47,NaN,NaN
2022.09700913242,418.46,NaN,NaN
2022.09708523592,418.54,NaN,NaN
2022.09710996956,418.54,NaN,NaN
2022.09712138508,418.64,NaN,NaN
2022.09719939117,418.6,NaN,NaN
2022.09722412481,418.59,NaN,NaN
2022.09723744292,418.59,NaN,NaN
2022.09728120244,418.57,NaN,NaN
2022.09731354642,418.51,NaN,NaN
2022.09735730594,418.44,NaN,NaN
2022.09740487062,418.29,NaN,NaN
2022.09744672755,418.11,NaN,NaN
2022.09748287671,417.95,NaN,NaN
2022.09752283105,417.92,NaN,NaN
2022.0975608828,417.55,NaN,NaN
2022.09759322679,417.37,NaN,NaN
2022.09763508371,417.32,NaN,NaN
2022.09767503805,417.03,NaN,NaN
2022.09770738204,416.96,NaN,NaN
2022.09775114155,416.93,NaN,NaN
2022.0977891933,416.68,NaN,NaN
2022.09782153729,416.42,NaN,NaN
2022.0978652968,416.37,NaN,NaN
2022.09790525114,416.25,NaN,NaN
2022.09793569254,416.44,NaN,NaN
2022.09798135464,416.68,NaN,NaN
2022.09802130898,417.1,NaN,NaN
2022.09804984779,417.89,NaN,NaN
2022.09809550989,417.89,NaN,NaN
2022.09813356164,418.04,NaN,NaN
2022.09816400304,418.17,NaN,NaN
2022.09821156773,418.24,NaN,NaN
2022.09824961948,418.26,NaN,NaN
2022.0982781583,418.27,NaN,NaN
2022.09832572298,418.31,NaN,NaN
2022.09836377473,418.3,NaN,NaN
2022.09839231355,418.3,NaN,NaN
2022.09843797565,418.3,NaN,NaN
2022.09847792998,418.3,NaN,NaN
2022.0985064688,418.33,NaN,NaN
2022.0985825723,418.34,NaN,NaN
2022.09868721461,418.35,NaN,NaN
2022.09869101979,418.29,NaN,NaN
2022.09872526636,418.37,NaN,NaN
2022.09880136986,418.3,NaN,NaN
2022.09880517504,418.28,NaN,NaN
2022.09883942161,418.31,NaN,NaN
2022.09891552511,418.29,NaN,NaN
2022.09891933029,418.24,NaN,NaN
2022.09895167428,418.28,NaN,NaN
2022.09899543379,418.15,NaN,NaN
2022.09902968037,418.19,NaN,NaN
2022.09907343988,418.23,NaN,NaN
2022.09911910198,418.28,NaN,NaN
2022.09916286149,418.27,NaN,NaN
2022.09919710807,418.43,NaN,NaN
2022.09923896499,418.37,NaN,NaN
2022.09927701674,418.34,NaN,NaN
2022.09930555556,418.31,NaN,NaN
2022.09935312024,418.36,NaN,NaN
2022.09939117199,418.29,NaN,NaN
2022.09941971081,418.31,NaN,NaN
2022.09946537291,418.3,NaN,NaN
2022.09950532724,418.27,NaN,NaN
2022.09953386606,418.28,NaN,NaN
2022.09960996956,418.12,NaN,NaN
2022.09971461187,417.88,NaN,NaN
2022.09971841705,417.95,NaN,NaN
2022.09975266362,418.12,NaN,NaN
2022.09982876712,418.76,NaN,NaN
2022.0998325723,418.54,NaN,NaN
2022.09986681887,418.85,NaN,NaN
2022.09994292237,419.09,NaN,NaN
2022.09994672755,418.81,NaN,NaN
2022.09997907154,418.93,NaN,NaN
2022.10002283105,418.51,NaN,NaN
2022.10005707763,419.02,NaN,NaN
2022.10010083714,418.91,NaN,NaN
2022.10014649924,418.77,NaN,NaN
2022.10019025875,418.68,NaN,NaN
2022.10022450533,418.73,NaN,NaN
2022.10026636225,418.96,NaN,NaN
2022.100304414,418.78,NaN,NaN
2022.10033295282,418.77,NaN,NaN
2022.1003805175,418.81,NaN,NaN
2022.10041856925,418.82,NaN,NaN
2022.10044710807,418.96,NaN,NaN
2022.10049277017,418.95,NaN,NaN
2022.10053272451,418.88,NaN,NaN
2022.10056126332,418.88,NaN,NaN
2022.10060882801,418.82,NaN,NaN
2022.10064687976,418.72,NaN,NaN
2022.10067541857,418.69,NaN,NaN
2022.10072298326,418.83,NaN,NaN
2022.1007629376,419.14,NaN,NaN
2022.10078957382,419.29,NaN,NaN
2022.1008390411,419.43,NaN,NaN
2022.10087709285,419.29,NaN,NaN
2022.10090372907,419.43,NaN,NaN
2022.10095319635,419.43,NaN,NaN
2022.1009912481,419.28,NaN,NaN
2022.10101788432,419.22,NaN,NaN
2022.10106544901,418.99,NaN,NaN
2022.10110540335,418.71,NaN,NaN
2022.10113203957,418.63,NaN,NaN
2022.10118150685,418.73,NaN,NaN
2022.1012195586,418.83,NaN,NaN
2022.10124619482,419.03,NaN,NaN
2022.10132229833,419.36,NaN,NaN
2022.10142313546,419.49,NaN,NaN
2022.10142884323,419.49,NaN,NaN
2022.10146689498,419.61,NaN,NaN
2022.10153729072,419.09,NaN,NaN
2022.10154299848,419.09,NaN,NaN
2022.10157914764,418.79,NaN,NaN
2022.10165144597,418.65,NaN,NaN
2022.10165715373,418.63,NaN,NaN
2022.10169520548,418.38,NaN,NaN
2022.10173515982,418.37,NaN,NaN
2022.10177130898,418.23,NaN,NaN
2022.10181316591,418.13,NaN,NaN
2022.10186073059,418.04,NaN,NaN
2022.10190449011,417.99,NaN,NaN
2022.10193683409,417.9,NaN,NaN
2022.10198059361,418.06,NaN,NaN
2022.10201864536,418.01,NaN,NaN
2022.10204528158,418.1,NaN,NaN
2022.10209284627,418.28,NaN,NaN
2022.10213280061,418.17,NaN,NaN
2022.10215943683,418.37,NaN,NaN
2022.10220890411,418.46,NaN,NaN
2022.10224695586,418.56,NaN,NaN
2022.10227359209,418.64,NaN,NaN
2022.10234969559,418.48,NaN,NaN
2022.10245053272,418.34,NaN,NaN
2022.10245624049,418.28,NaN,NaN
2022.10249429224,418.3,NaN,NaN
2022.10256468798,418.27,NaN,NaN
2022.10257039574,418.36,NaN,NaN
2022.1026065449,418.22,NaN,NaN
2022.10267884323,418.27,NaN,NaN
2022.10268455099,418.32,NaN,NaN
2022.10272260274,418.36,NaN,NaN
2022.10276255708,418.33,NaN,NaN
2022.10279870624,418.41,NaN,NaN
2022.10284056317,418.34,NaN,NaN
2022.10288812785,418.63,NaN,NaN
2022.10293188737,418.67,NaN,NaN
2022.10296423135,418.75,NaN,NaN
2022.10300799087,418.79,NaN,NaN
2022.10304604262,418.78,NaN,NaN
2022.10307267884,419.02,NaN,NaN
2022.10312024353,418.81,NaN,NaN
2022.10316019787,419.58,NaN,NaN
2022.10318683409,419.79,NaN,NaN
2022.10323630137,420.22,NaN,NaN
2022.10327435312,420.02,NaN,NaN
2022.10330098935,420.11,NaN,NaN
2022.10335045662,420.3,NaN,NaN
2022.10338850837,420.32,NaN,NaN
2022.1034151446,420.35,NaN,NaN
2022.10346651446,420.35,NaN,NaN
2022.10350456621,419.95,NaN,NaN
2022.10352929985,419.3,NaN,NaN
2022.10358066971,418.96,NaN,NaN
2022.10361872146,419.07,NaN,NaN
2022.1036434551,419.03,NaN,NaN
2022.10369292237,419.07,NaN,NaN
2022.10373287671,419.11,NaN,NaN
2022.10375761035,419.29,NaN,NaN
2022.10380898021,419.32,NaN,NaN
2022.10384703196,419.27,NaN,NaN
2022.1038717656,419.27,NaN,NaN
2022.10392313546,419.22,NaN,NaN
2022.10396118721,418.89,NaN,NaN
2022.10398592085,419.09,NaN,NaN
2022.10406582953,418.99,NaN,NaN
2022.10415334855,418.56,NaN,NaN
2022.10417047184,418.63,NaN,NaN
2022.104206621,418.37,NaN,NaN
2022.10426750381,417.98,NaN,NaN
2022.10428462709,418.09,NaN,NaN
2022.10432267884,418.01,NaN,NaN
2022.10438165906,417.87,NaN,NaN
2022.10439878234,417.82,NaN,NaN
2022.10443683409,417.74,NaN,NaN
2022.10447678843,417.76,NaN,NaN
2022.1045129376,417.69,NaN,NaN
2022.10455479452,417.74,NaN,NaN
2022.10460045662,418.02,NaN,NaN
2022.10464611872,418.08,NaN,NaN
2022.10467846271,418.42,NaN,NaN
2022.10472031963,418.4,NaN,NaN
2022.10476027397,418.48,NaN,NaN
2022.10478500761,418.47,NaN,NaN
2022.10483637747,418.01,NaN,NaN
2022.10487442922,418.04,NaN,NaN
2022.10489916286,418.05,NaN,NaN
2022.10495053272,417.73,NaN,NaN
2022.10498858447,417.69,NaN,NaN
2022.10501331811,417.72,NaN,NaN
2022.10509322679,417.86,NaN,NaN
2022.10518074581,417.84,NaN,NaN
2022.1051978691,417.94,NaN,NaN
2022.10523401826,418.11,NaN,NaN
2022.10529490107,418.21,NaN,NaN
2022.10531202435,418.32,NaN,NaN
2022.1053500761,418.47,NaN,NaN
2022.10540905632,418.62,NaN,NaN
2022.1054261796,418.58,NaN,NaN
2022.10546423135,418.56,NaN,NaN
2022.10550418569,418.87,NaN,NaN
2022.10554033486,418.39,NaN,NaN
2022.10558219178,418.2,NaN,NaN
2022.10562785388,418.08,NaN,NaN
2022.10567351598,418.07,NaN,NaN
2022.10570585997,418.24,NaN,NaN
2022.10574771689,418.27,NaN,NaN
2022.10578767123,418,NaN,NaN
2022.10581240487,417.86,NaN,NaN
2022.10586377473,417.42,NaN,NaN
2022.10590182648,417.48,NaN,NaN
2022.10592656012,417.53,NaN,NaN
2022.10597792998,417.79,NaN,NaN
2022.10601598174,417.9,NaN,NaN
2022.10604071537,418.06,NaN,NaN
2022.10609398782,418.03,NaN,NaN
2022.10613203957,418.12,NaN,NaN
2022.10615677321,418.21,NaN,NaN
2022.10620814307,418.3,NaN,NaN
2022.10624809741,418.33,NaN,NaN
2022.10626902588,418.38,NaN,NaN
2022.10632420091,418.21,NaN,NaN
2022.10636225266,419.26,NaN,NaN
2022.10638318113,419.45,NaN,NaN
2022.10643835616,419.51,NaN,NaN
2022.10647640791,419.07,NaN,NaN
2022.10649733638,418.84,NaN,NaN
2022.10655251142,418.67,NaN,NaN
2022.10659056317,418.53,NaN,NaN
2022.10661149163,418.4,NaN,NaN
2022.10666666667,418.27,NaN,NaN
2022.10670471842,418.28,NaN,NaN
2022.10672564688,418.27,NaN,NaN
2022.10680936073,418.27,NaN,NaN
2022.10687595129,418.4,NaN,NaN
2022.10691400304,418.64,NaN,NaN
2022.10695205479,418.75,NaN,NaN
2022.10699010654,418.84,NaN,NaN
2022.10702625571,418.92,NaN,NaN
2022.10706621005,418.94,NaN,NaN
2022.1071042618,418.97,NaN,NaN
2022.10714231355,418.99,NaN,NaN
2022.1071803653,418.97,NaN,NaN
2022.10721841705,418.96,NaN,NaN
2022.1072564688,418.94,NaN,NaN
2022.10729452055,418.89,NaN,NaN
2022.10734208524,418.67,NaN,NaN
2022.10738964992,418.58,NaN,NaN
2022.10746575342,418.46,NaN,NaN
2022.10750380517,418.54,NaN,NaN
2022.10752473364,418.53,NaN,NaN
2022.10757990868,418.59,NaN,NaN
2022.10761796043,418.49,NaN,NaN
2022.1076369863,418.55,NaN,NaN
2022.10769406393,418.5,NaN,NaN
2022.10773211568,418.37,NaN,NaN
2022.10775304414,418.44,NaN,NaN
2022.10783675799,418.36,NaN,NaN
2022.10790334855,418.42,NaN,NaN
2022.1079414003,418.5,NaN,NaN
2022.10797945205,418.51,NaN,NaN
2022.10801750381,418.52,NaN,NaN
2022.10805365297,418.52,NaN,NaN
2022.10809360731,418.58,NaN,NaN
2022.10813165906,418.53,NaN,NaN
2022.10816971081,418.62,NaN,NaN
2022.10820776256,418.58,NaN,NaN
2022.10824581431,418.49,NaN,NaN
2022.10828386606,418.47,NaN,NaN
2022.10832191781,418.42,NaN,NaN
2022.1083694825,418.33,NaN,NaN
2022.10841704718,418.27,NaN,NaN
2022.10849315069,418.09,NaN,NaN
2022.10853120244,417.87,NaN,NaN
2022.1085521309,417.94,NaN,NaN
2022.10860730594,418.42,NaN,NaN
2022.10864535769,418.6,NaN,NaN
2022.10866628615,418.63,NaN,NaN
2022.10872146119,418.85,NaN,NaN
2022.10875951294,418.85,NaN,NaN
2022.1087804414,418.97,NaN,NaN
2022.10883561644,418.72,NaN,NaN
2022.10887366819,418.51,NaN,NaN
2022.10889459665,418.4,NaN,NaN
2022.10895167428,418.62,NaN,NaN
2022.10898972603,418.68,NaN,NaN
2022.1090087519,418.25,NaN,NaN
2022.10906582953,418.15,NaN,NaN
2022.10910388128,418.22,NaN,NaN
2022.10912290715,418.26,NaN,NaN
2022.10917998478,418.6,NaN,NaN
2022.10921803653,419.13,NaN,NaN
2022.1092370624,419.14,NaN,NaN
2022.10929414003,419.13,NaN,NaN
2022.10933219178,419.16,NaN,NaN
2022.10935121766,419.14,NaN,NaN
2022.10940829528,419.33,NaN,NaN
2022.10944634703,419.4,NaN,NaN
2022.10946537291,419.34,NaN,NaN
2022.10952245053,419.09,NaN,NaN
2022.10961757991,420.1,NaN,NaN
2022.10965372907,419.96,NaN,NaN
2022.10969368341,419.22,NaN,NaN
2022.10973173516,418.97,NaN,NaN
2022.10976978691,418.72,NaN,NaN
2022.10980783866,418.7,NaN,NaN
2022.10984589041,418.8,NaN,NaN
2022.10988394216,418.89,NaN,NaN
2022.10992199391,419.28,NaN,NaN
2022.10996004566,419.11,NaN,NaN
2022.10999619483,419.01,NaN,NaN
2022.11003614916,418.9,NaN,NaN
2022.11013127854,418.51,NaN,NaN
2022.11020738204,418.7,NaN,NaN
2022.11024543379,418.78,NaN,NaN
2022.11026445967,418.96,NaN,NaN
2022.11032153729,418.61,NaN,NaN
2022.11035958904,419.21,NaN,NaN
2022.11037861492,419.56,NaN,NaN
2022.11043569254,420.24,NaN,NaN
2022.11047374429,420.14,NaN,NaN
2022.11049277017,419.87,NaN,NaN
2022.11054984779,419.54,NaN,NaN
2022.11064687976,419.63,NaN,NaN
2022.11068112633,418.79,NaN,NaN
2022.11072108067,418.46,NaN,NaN
2022.11075913242,418.11,NaN,NaN
2022.11079718417,418.67,NaN,NaN
2022.11083523592,418.91,NaN,NaN
2022.11087328767,418.66,NaN,NaN
2022.11091133942,418.57,NaN,NaN
2022.11094939117,418.53,NaN,NaN
2022.11098744292,418.41,NaN,NaN
2022.11102359209,418.39,NaN,NaN
2022.11106354642,418.38,NaN,NaN
2022.11116057839,418.08,NaN,NaN
2022.1112347793,418.05,NaN,NaN
2022.11127283105,417.91,NaN,NaN
2022.11129185693,417.9,NaN,NaN
2022.11134893455,417.94,NaN,NaN
2022.1113869863,418.02,NaN,NaN
2022.11140601218,417.99,NaN,NaN
2022.1114630898,417.91,NaN,NaN
2022.11150114155,417.81,NaN,NaN
2022.11152016743,417.79,NaN,NaN
2022.11157724505,417.84,NaN,NaN
2022.11161719939,417.9,NaN,NaN
2022.11162671233,417.92,NaN,NaN
2022.11169520548,417.66,NaN,NaN
2022.11173325723,417.65,NaN,NaN
2022.11173896499,417.69,NaN,NaN
2022.11180936073,417.75,NaN,NaN
2022.11184741248,417.68,NaN,NaN
2022.11184741248,417.7,NaN,NaN
2022.11192351598,417.64,NaN,NaN
2022.11195966514,417.65,NaN,NaN
2022.11196156773,417.62,NaN,NaN
2022.11203767123,417.51,NaN,NaN
2022.1120738204,417.54,NaN,NaN
2022.11207572298,417.5,NaN,NaN
2022.11215182648,417.5,NaN,NaN
2022.11218797565,417.5,NaN,NaN
2022.11218987823,417.5,NaN,NaN
2022.11223554033,417.48,NaN,NaN
2022.11229261796,417.42,NaN,NaN
2022.11236111111,417.37,NaN,NaN
2022.11239916286,417.39,NaN,NaN
2022.11243340944,417.42,NaN,NaN
2022.11247526636,417.36,NaN,NaN
2022.11251141553,417.33,NaN,NaN
2022.11254756469,417.28,NaN,NaN
2022.11258942161,417.24,NaN,NaN
2022.11262747336,417.27,NaN,NaN
2022.11266171994,417.28,NaN,NaN
2022.11270357686,417.26,NaN,NaN
2022.11274162861,417.24,NaN,NaN
2022.11277587519,417.25,NaN,NaN
2022.11282534247,417.25,NaN,NaN
2022.11287480974,417.24,NaN,NaN
2022.11295091324,417.37,NaN,NaN
2022.1129870624,417.42,NaN,NaN
2022.11298896499,417.4,NaN,NaN
2022.11306506849,417.47,NaN,NaN
2022.11310121766,417.47,NaN,NaN
2022.11310312024,417.46,NaN,NaN
2022.11317922374,417.54,NaN,NaN
2022.11321347032,417.53,NaN,NaN
2022.11321727549,417.52,NaN,NaN
2022.1132629376,417.54,NaN,NaN
2022.11332001522,417.55,NaN,NaN
2022.11338850837,417.52,NaN,NaN
2022.11342656012,417.57,NaN,NaN
2022.1134608067,417.58,NaN,NaN
2022.11350266362,417.58,NaN,NaN
2022.11353881279,417.98,NaN,NaN
2022.11357496195,417.93,NaN,NaN
2022.11361681887,418.13,NaN,NaN
2022.11365487062,418.17,NaN,NaN
2022.1136891172,418.14,NaN,NaN
2022.11373097412,418.1,NaN,NaN
2022.11376902588,418.26,NaN,NaN
2022.11380327245,418.24,NaN,NaN
2022.11385273973,418.29,NaN,NaN
2022.113902207,418.11,NaN,NaN
2022.1139783105,418.32,NaN,NaN
2022.11401445967,418.22,NaN,NaN
2022.11401636225,418.29,NaN,NaN
2022.11409246575,418.25,NaN,NaN
2022.11412861492,418.26,NaN,NaN
2022.1141305175,418.26,NaN,NaN
2022.114206621,418.33,NaN,NaN
2022.11424277017,418.15,NaN,NaN
2022.11424467275,418.2,NaN,NaN
2022.11432077626,418.35,NaN,NaN
2022.11435692542,418.46,NaN,NaN
2022.11435882801,418.47,NaN,NaN
2022.11443683409,418.01,NaN,NaN
2022.11446917808,417.91,NaN,NaN
2022.11447488584,417.58,NaN,NaN
2022.11455098935,418.41,NaN,NaN
2022.11457572298,418.46,NaN,NaN
2022.11458713851,418.38,NaN,NaN
2022.1146651446,417.86,NaN,NaN
2022.11468987823,417.97,NaN,NaN
2022.11470319635,417.47,NaN,NaN
2022.11477929985,417.5,NaN,NaN
2022.11480403349,417.46,NaN,NaN
2022.1148173516,417.46,NaN,NaN
2022.1148934551,417.51,NaN,NaN
2022.11491818874,417.51,NaN,NaN
2022.11492960426,417.5,NaN,NaN
2022.11497526636,417.51,NaN,NaN
2022.11503234399,417.49,NaN,NaN
2022.11510083714,417.46,NaN,NaN
2022.11514079148,417.48,NaN,NaN
2022.11517313546,417.48,NaN,NaN
2022.11521689498,417.51,NaN,NaN
2022.11525494673,417.5,NaN,NaN
2022.11528729072,417.49,NaN,NaN
2022.11533105023,417.43,NaN,NaN
2022.11536910198,417.49,NaN,NaN
2022.11540144597,417.4,NaN,NaN
2022.11544330289,417.27,NaN,NaN
2022.11548325723,417.25,NaN,NaN
2022.11551560122,417.24,NaN,NaN
2022.11556506849,417.29,NaN,NaN
2022.11561453577,417.27,NaN,NaN
2022.11569254186,417.36,NaN,NaN
2022.11571727549,417.48,NaN,NaN
2022.11573059361,417.52,NaN,NaN
2022.11580669711,417.53,NaN,NaN
2022.11583143075,417.62,NaN,NaN
2022.11584474886,417.61,NaN,NaN
2022.11592085236,417.91,NaN,NaN
2022.115945586,417.92,NaN,NaN
2022.11595700152,417.96,NaN,NaN
2022.11600266362,417.85,NaN,NaN
2022.11605974125,417.83,NaN,NaN
2022.1161282344,417.77,NaN,NaN
2022.11616818874,417.86,NaN,NaN
2022.11620053272,417.95,NaN,NaN
2022.11624429224,417.78,NaN,NaN
2022.11628234399,418.46,NaN,NaN
2022.11631468798,418.37,NaN,NaN
2022.11635844749,418.36,NaN,NaN
2022.11639649924,418.44,NaN,NaN
2022.11642884323,418.25,NaN,NaN
2022.11647070015,418.55,NaN,NaN
2022.11651065449,418.2,NaN,NaN
2022.11654299848,418.4,NaN,NaN
2022.11659246575,418.48,NaN,NaN
2022.11664193303,418.41,NaN,NaN
2022.11671993912,417.83,NaN,NaN
2022.11674467275,417.67,NaN,NaN
2022.11675799087,417.5,NaN,NaN
2022.11683599696,417.38,NaN,NaN
2022.11685312024,417.27,NaN,NaN
2022.11687214612,417.39,NaN,NaN
2022.11695015221,417.67,NaN,NaN
2022.11696347032,417.93,NaN,NaN
2022.11698820396,418.1,NaN,NaN
2022.11706240487,418.61,NaN,NaN
2022.11707952816,418.35,NaN,NaN
2022.11710235921,418.34,NaN,NaN
2022.11717846271,418.55,NaN,NaN
2022.11719368341,418.19,NaN,NaN
2022.11721841705,418.28,NaN,NaN
2022.11729452055,417.78,NaN,NaN
2022.11729832572,418.22,NaN,NaN
2022.1173325723,418.12,NaN,NaN
2022.1174086758,418.35,NaN,NaN
2022.11741248097,418.19,NaN,NaN
2022.11744482496,417.76,NaN,NaN
2022.11752283105,417.82,NaN,NaN
2022.11752663623,417.72,NaN,NaN
2022.1175608828,417.74,NaN,NaN
2022.1176369863,417.8,NaN,NaN
2022.11764079148,417.8,NaN,NaN
2022.11767503805,417.83,NaN,NaN
2022.11771689498,418.02,NaN,NaN
2022.1177739726,418.31,NaN,NaN
2022.11784627093,418.4,NaN,NaN
2022.11788432268,418.47,NaN,NaN
2022.11791286149,418.52,NaN,NaN
2022.11795852359,418.74,NaN,NaN
2022.11799847793,419.14,NaN,NaN
2022.11802701674,418.93,NaN,NaN
2022.11807458143,418.93,NaN,NaN
2022.11811263318,418.99,NaN,NaN
2022.11814117199,419.13,NaN,NaN
2022.11818873668,419.25,NaN,NaN
2022.11822678843,419.36,NaN,NaN
2022.11825532725,419.45,NaN,NaN
2022.11830669711,419.5,NaN,NaN
2022.11835996956,419.46,NaN,NaN
2022.11843607306,419.65,NaN,NaN
2022.11843987823,419.78,NaN,NaN
2022.11847222222,419.86,NaN,NaN
2022.11855022831,420.19,NaN,NaN
2022.11855403349,420.11,NaN,NaN
2022.11858828006,420.26,NaN,NaN
2022.11866438356,420.67,NaN,NaN
2022.11866818874,420.61,NaN,NaN
2022.11870243531,420.66,NaN,NaN
2022.11874429224,420.68,NaN,NaN
2022.11880136986,420.72,NaN,NaN
2022.11887366819,420.68,NaN,NaN
2022.11891171994,420.55,NaN,NaN
2022.11894025875,420.65,NaN,NaN
2022.11898592085,420.61,NaN,NaN
2022.11902587519,420.46,NaN,NaN
2022.119054414,420.61,NaN,NaN
2022.11910197869,420.57,NaN,NaN
2022.11914003044,420.57,NaN,NaN
2022.11916856925,420.48,NaN,NaN
2022.11921613394,420.15,NaN,NaN
2022.11925418569,420.07,NaN,NaN
2022.11928272451,420.49,NaN,NaN
2022.11933409437,419.71,NaN,NaN
2022.11938736682,419.66,NaN,NaN
2022.11946347032,420.33,NaN,NaN
2022.11946727549,419.92,NaN,NaN
2022.11949961948,420.18,NaN,NaN
2022.11957762557,419.97,NaN,NaN
2022.11958143075,420.04,NaN,NaN
2022.11961567732,419.89,NaN,NaN
2022.11969178082,420.11,NaN,NaN
2022.119695586,420.02,NaN,NaN
2022.11972983257,420.09,NaN,NaN
2022.11980593607,420.2,NaN,NaN
2022.11980974125,420.22,NaN,NaN
2022.11984208524,420.12,NaN,NaN
2022.11991818874,420.55,NaN,NaN
2022.11992199391,420.54,NaN,NaN
2022.11996004566,420.54,NaN,NaN
2022.1200304414,420.92,NaN,NaN
2022.12003614916,420.88,NaN,NaN
2022.12007229833,421.15,NaN,NaN
2022.12014459665,421.25,NaN,NaN
2022.12015030441,421.28,NaN,NaN
2022.12018835616,421.28,NaN,NaN
2022.1202587519,421.26,NaN,NaN
2022.12026445967,421.3,NaN,NaN
2022.12030251142,421.2,NaN,NaN
2022.12037290715,421.24,NaN,NaN
2022.12037861492,421.21,NaN,NaN
2022.12041476408,421.3,NaN,NaN
2022.12045852359,421.37,NaN,NaN
2022.12051560122,421.43,NaN,NaN
2022.12058599696,421.46,NaN,NaN
2022.12062595129,421.49,NaN,NaN
2022.12065258752,421.52,NaN,NaN
2022.12070205479,421.46,NaN,NaN
2022.12074010654,421.48,NaN,NaN
2022.12076674277,421.45,NaN,NaN
2022.12081621005,421.39,NaN,NaN
2022.1208542618,421.49,NaN,NaN
2022.12088089802,421.47,NaN,NaN
2022.12092846271,421.17,NaN,NaN
2022.12096841705,421.02,NaN,NaN
2022.12099505327,420.91,NaN,NaN
2022.12104832572,420.93,NaN,NaN
2022.12109969559,420.55,NaN,NaN
2022.12117199391,419.43,NaN,NaN
2022.12117770167,419.29,NaN,NaN
2022.12121575342,418.91,NaN,NaN
2022.12128614916,419.18,NaN,NaN
2022.12129185693,419.2,NaN,NaN
2022.12132990868,419.25,NaN,NaN
2022.12140030441,419.63,NaN,NaN
2022.12140601218,419.59,NaN,NaN
2022.12144216134,419.64,NaN,NaN
2022.12148592085,419.73,NaN,NaN
2022.12154299848,419.72,NaN,NaN
2022.12161339422,419.64,NaN,NaN
2022.12165334855,419.49,NaN,NaN
2022.12167998478,419.87,NaN,NaN
2022.12172945205,420.27,NaN,NaN
2022.12176750381,420.15,NaN,NaN
2022.12179414003,420.04,NaN,NaN
2022.12184360731,419.94,NaN,NaN
2022.12188165906,419.58,NaN,NaN
2022.12190829528,419.3,NaN,NaN
2022.12195585997,419.11,NaN,NaN
2022.12199581431,419.25,NaN,NaN
2022.12202245053,419.2,NaN,NaN
2022.12207572298,419.13,NaN,NaN
2022.12212709285,419.27,NaN,NaN
2022.12219748858,419.39,NaN,NaN
2022.12220509893,419.4,NaN,NaN
2022.12224505327,419.43,NaN,NaN
2022.12230403349,419.55,NaN,NaN
2022.12232115677,419.61,NaN,NaN
2022.12235730594,419.66,NaN,NaN
2022.12241818874,419.73,NaN,NaN
2022.12243531202,419.74,NaN,NaN
2022.12247336377,419.77,NaN,NaN
2022.12253234399,419.73,NaN,NaN
2022.12254946728,419.69,NaN,NaN
2022.12258751903,419.63,NaN,NaN
2022.12264649924,419.63,NaN,NaN
2022.12266362253,419.64,NaN,NaN
2022.12270357686,419.57,NaN,NaN
2022.12275304414,419.68,NaN,NaN
2022.12277968037,419.67,NaN,NaN
2022.12281773212,419.58,NaN,NaN
2022.1228652968,419.57,NaN,NaN
2022.12289193303,419.63,NaN,NaN
2022.12293188737,419.61,NaN,NaN
2022.12298135464,419.64,NaN,NaN
2022.12300799087,419.66,NaN,NaN
2022.12304604262,419.66,NaN,NaN
2022.12309550989,419.67,NaN,NaN
2022.12312214612,419.69,NaN,NaN
2022.12316019787,419.67,NaN,NaN
2022.12320015221,419.69,NaN,NaN
2022.12325722983,419.72,NaN,NaN
2022.12333143075,419.67,NaN,NaN
2022.1233694825,419.65,NaN,NaN
2022.12339231355,419.65,NaN,NaN
2022.123445586,419.67,NaN,NaN
2022.12348363775,419.68,NaN,NaN
2022.1235064688,419.74,NaN,NaN
2022.12355974125,419.68,NaN,NaN
2022.123597793,419.66,NaN,NaN
2022.12362062405,419.65,NaN,NaN
2022.1236738965,419.61,NaN,NaN
2022.12371194825,419.67,NaN,NaN
2022.1237347793,419.62,NaN,NaN
2022.12378995434,419.61,NaN,NaN
2022.12384512938,419.55,NaN,NaN
2022.12389269406,419.57,NaN,NaN
2022.12391933029,419.6,NaN,NaN
2022.12395928463,419.55,NaN,NaN
2022.1240087519,419.58,NaN,NaN
2022.12403348554,419.62,NaN,NaN
2022.12407343988,419.61,NaN,NaN
2022.12412290715,419.62,NaN,NaN
2022.12414954338,419.63,NaN,NaN
2022.12418759513,419.68,NaN,NaN
2022.12422754947,419.75,NaN,NaN
2022.12428462709,419.77,NaN,NaN
2022.12435882801,419.7,NaN,NaN
2022.12439687976,419.67,NaN,NaN
2022.12441971081,419.68,NaN,NaN
2022.12447298326,419.6,NaN,NaN
2022.12451103501,419.56,NaN,NaN
2022.12453386606,419.55,NaN,NaN
2022.12458713851,419.36,NaN,NaN
2022.12462519026,419.08,NaN,NaN
2022.12464802131,419.06,NaN,NaN
2022.12470129376,419.04,NaN,NaN
2022.12473934551,419.12,NaN,NaN
2022.12476217656,419.04,NaN,NaN
2022.1248173516,418.92,NaN,NaN
2022.12487252664,418.85,NaN,NaN
2022.12492009132,418.79,NaN,NaN
2022.12494672755,418.85,NaN,NaN
2022.12498668189,418.76,NaN,NaN
2022.12503614916,418.62,NaN,NaN
2022.12506278539,418.63,NaN,NaN
2022.12510083714,418.54,NaN,NaN
2022.12515030441,418.57,NaN,NaN
2022.12517694064,418.62,NaN,NaN
2022.12521499239,418.31,NaN,NaN
2022.12526255708,418.25,NaN,NaN
2022.1252891933,418.24,NaN,NaN
2022.12532914764,418.1,NaN,NaN
2022.12536910198,418.28,NaN,NaN
2022.12540525114,418.34,NaN,NaN
2022.12544520548,419.09,NaN,NaN
2022.12548325723,419.38,NaN,NaN
2022.12551940639,419.34,NaN,NaN
2022.12555936073,419.2,NaN,NaN
2022.12559741248,419,NaN,NaN
2022.12563546423,419.01,NaN,NaN
2022.12567351598,418.48,NaN,NaN
2022.12571156773,418.54,NaN,NaN
2022.12574961948,418.39,NaN,NaN
2022.12578767123,418.27,NaN,NaN
2022.12582572298,419.03,NaN,NaN
2022.12586187215,418.53,NaN,NaN
2022.12590182648,418.68,NaN,NaN
2022.12593987823,418.99,NaN,NaN
2022.12599885845,418.84,NaN,NaN
2022.12607305936,418.75,NaN,NaN
2022.12611111111,418.85,NaN,NaN
2022.12613203957,418.92,NaN,NaN
2022.12618721461,419.01,NaN,NaN
2022.12622526636,419.06,NaN,NaN
2022.12624619482,419.05,NaN,NaN
2022.12630136986,419.02,NaN,NaN
2022.12633942161,419.25,NaN,NaN
2022.12636035008,419.16,NaN,NaN
2022.12641552511,419.02,NaN,NaN
2022.12645357686,419.96,NaN,NaN
2022.12647450533,419.77,NaN,NaN
2022.12652968037,419.92,NaN,NaN
2022.12658675799,419.24,NaN,NaN
2022.12662480974,419.08,NaN,NaN
2022.12666286149,419.29,NaN,NaN
2022.12670091324,419.77,NaN,NaN
2022.12673896499,419.19,NaN,NaN
2022.12677511416,419.95,NaN,NaN
2022.12681506849,420.07,NaN,NaN
2022.12685312024,421.54,NaN,NaN
2022.12688926941,421.45,NaN,NaN
2022.12692922374,421.01,NaN,NaN
2022.12696727549,419.91,NaN,NaN
2022.12702625571,419.95,NaN,NaN
2022.12710045662,419.57,NaN,NaN
2022.12713850837,419.52,NaN,NaN
2022.12715943683,419.51,NaN,NaN
2022.12721461187,419.49,NaN,NaN
2022.12725266362,419.35,NaN,NaN
2022.12727359209,419.44,NaN,NaN
2022.12732876712,419.46,NaN,NaN
2022.12736681887,419.5,NaN,NaN
2022.12738774734,419.48,NaN,NaN
2022.12744292237,419.33,NaN,NaN
2022.12748097412,419.22,NaN,NaN
2022.12750190259,419.17,NaN,NaN
2022.12755707763,419.12,NaN,NaN
2022.12761415525,418.94,NaN,NaN
2022.127652207,418.95,NaN,NaN
2022.12769025875,418.93,NaN,NaN
2022.1277283105,418.8,NaN,NaN
2022.12776636225,418.86,NaN,NaN
2022.127804414,418.9,NaN,NaN
2022.12784246575,418.89,NaN,NaN
2022.12788242009,419.03,NaN,NaN
2022.12792047184,419.01,NaN,NaN
2022.12795852359,418.67,NaN,NaN
2022.12799657534,418.34,NaN,NaN
2022.12803462709,418.39,NaN,NaN
2022.12807267884,418.48,NaN,NaN
2022.12811073059,418.53,NaN,NaN
2022.12815068493,418.53,NaN,NaN
2022.12818683409,418.65,NaN,NaN
2022.12822678843,418.73,NaN,NaN
2022.12826484018,418.73,NaN,NaN
2022.12830098935,418.54,NaN,NaN
2022.12834094368,418.86,NaN,NaN
2022.12837709285,419.87,NaN,NaN
2022.1284151446,419.35,NaN,NaN
2022.12845509893,420.26,NaN,NaN
2022.12849315069,419.85,NaN,NaN
2022.12852929985,418.77,NaN,NaN
2022.12856925419,419.18,NaN,NaN
2022.12860730594,418.55,NaN,NaN
2022.1286434551,419.08,NaN,NaN
2022.12868340944,418.82,NaN,NaN
2022.1287195586,419.29,NaN,NaN
2022.12881849315,418.8,NaN,NaN
2022.12885464231,418.7,NaN,NaN
2022.12893074581,418.61,NaN,NaN
2022.12896879756,418.75,NaN,NaN
2022.12897640791,418.72,NaN,NaN
2022.12904490107,418.61,NaN,NaN
2022.12908295282,419.06,NaN,NaN
2022.12908866058,418.89,NaN,NaN
2022.12915905632,418.68,NaN,NaN
2022.12919710807,418.83,NaN,NaN
2022.12920471842,418.56,NaN,NaN
2022.12924277017,418.57,NaN,NaN
2022.12933028919,418.7,NaN,NaN
2022.12936834094,418.79,NaN,NaN
2022.12940449011,418.86,NaN,NaN
2022.12944254186,418.83,NaN,NaN
2022.12948059361,418.79,NaN,NaN
2022.12952054795,418.74,NaN,NaN
2022.12955669711,418.71,NaN,NaN
2022.12960235921,418.79,NaN,NaN
2022.1296347032,418.84,NaN,NaN
2022.12967085236,418.85,NaN,NaN
2022.1297108067,418.89,NaN,NaN
2022.12974695586,418.92,NaN,NaN
2022.12984589041,418.89,NaN,NaN
2022.12988203957,418.92,NaN,NaN
2022.12995814307,418.88,NaN,NaN
2022.12999619483,418.68,NaN,NaN
2022.13000380517,418.63,NaN,NaN
2022.13007229833,418.18,NaN,NaN
2022.13011035008,418.33,NaN,NaN
2022.13011605784,418.24,NaN,NaN
2022.13018645358,418.46,NaN,NaN
2022.13022450533,418.38,NaN,NaN
2022.13023211568,418.36,NaN,NaN
2022.13027016743,418.41,NaN,NaN
2022.13035958904,417.93,NaN,NaN
2022.1303957382,418.05,NaN,NaN
2022.13043188737,418.07,NaN,NaN
2022.13046993912,418.05,NaN,NaN
2022.13050989346,417.98,NaN,NaN
2022.13054794521,417.62,NaN,NaN
2022.13058409437,417.52,NaN,NaN
2022.13062404871,417.51,NaN,NaN
2022.13066210046,417.43,NaN,NaN
2022.13069824962,417.28,NaN,NaN
2022.13073820396,416.99,NaN,NaN
2022.13077435312,417.13,NaN,NaN
2022.13081240487,417.27,NaN,NaN
2022.13085235921,417.22,NaN,NaN
2022.13089231355,417.34,NaN,NaN
2022.13092656012,417.39,NaN,NaN
2022.13096841705,417.67,NaN,NaN
2022.13100456621,417.66,NaN,NaN
2022.13104071537,417.99,NaN,NaN
2022.1310825723,418.86,NaN,NaN
2022.13112062405,419,NaN,NaN
2022.13115487062,418.97,NaN,NaN
2022.13119672755,418.9,NaN,NaN
2022.1312347793,418.84,NaN,NaN
2022.13126902588,418.83,NaN,NaN
2022.1313108828,418.65,NaN,NaN
2022.13134703196,418.63,NaN,NaN
2022.13138318113,418.94,NaN,NaN
2022.13142503805,419.01,NaN,NaN
2022.13148021309,418.89,NaN,NaN
2022.13155821918,418.86,NaN,NaN
2022.13159436834,419,NaN,NaN
2022.13159627093,419.01,NaN,NaN
2022.13167237443,418.93,NaN,NaN
2022.13170852359,418.99,NaN,NaN
2022.13171042618,418.98,NaN,NaN
2022.13178652968,419.02,NaN,NaN
2022.13182267884,419.01,NaN,NaN
2022.13182458143,419.03,NaN,NaN
2022.13190068493,418.99,NaN,NaN
2022.13193683409,419.05,NaN,NaN
2022.13193873668,419.06,NaN,NaN
2022.1320129376,419.04,NaN,NaN
2022.13207001522,418.97,NaN,NaN
2022.13210996956,418.99,NaN,NaN
2022.13214802131,418.99,NaN,NaN
2022.13218226788,418.93,NaN,NaN
2022.13222222222,418.92,NaN,NaN
2022.13226217656,418.84,NaN,NaN
2022.13229642314,418.84,NaN,NaN
2022.13233828006,418.9,NaN,NaN
2022.13237442922,418.99,NaN,NaN
2022.13241057839,418.98,NaN,NaN
2022.13245243531,419.07,NaN,NaN
2022.13250761035,419.04,NaN,NaN
2022.13258561644,419.07,NaN,NaN
2022.1326217656,418.9,NaN,NaN
2022.13262366819,418.89,NaN,NaN
2022.13269977169,418.73,NaN,NaN
2022.13273592085,418.7,NaN,NaN
2022.13273782344,418.68,NaN,NaN
2022.13281392694,418.52,NaN,NaN
2022.1328500761,418.4,NaN,NaN
2022.13285197869,418.44,NaN,NaN
2022.13292808219,418.01,NaN,NaN
2022.13296423135,417.71,NaN,NaN
2022.13296613394,417.77,NaN,NaN
2022.13304033486,417.44,NaN,NaN
2022.13309741248,417.49,NaN,NaN
2022.13313736682,417.45,NaN,NaN
2022.13317541857,417.48,NaN,NaN
2022.13320966514,417.55,NaN,NaN
2022.13325152207,417.57,NaN,NaN
2022.13328957382,417.41,NaN,NaN
2022.1333238204,417.15,NaN,NaN
2022.13336567732,417.58,NaN,NaN
2022.13340563166,417.31,NaN,NaN
2022.13343797565,417.23,NaN,NaN
2022.13348173516,417.71,NaN,NaN
2022.13351978691,417.91,NaN,NaN
2022.1335521309,417.92,NaN,NaN
2022.13359398782,418.01,NaN,NaN
2022.13363394216,417.79,NaN,NaN
2022.13366628615,417.93,NaN,NaN
2022.13371194825,417.95,NaN,NaN
2022.13375,418.01,NaN,NaN
2022.1337804414,418.09,NaN,NaN
2022.13382420091,417.78,NaN,NaN
2022.13386415525,417.69,NaN,NaN
2022.13389459665,417.75,NaN,NaN
2022.13394025875,417.81,NaN,NaN
2022.1339783105,417.86,NaN,NaN
2022.1340087519,417.81,NaN,NaN
2022.134054414,417.86,NaN,NaN
2022.13409246575,418.02,NaN,NaN
2022.13412290715,418.13,NaN,NaN
2022.13416666667,418.41,NaN,NaN
2022.1342218417,418.25,NaN,NaN
2022.13430175038,418.31,NaN,NaN
2022.13431697108,418.45,NaN,NaN
2022.13433789954,418.47,NaN,NaN
2022.13441590563,418.75,NaN,NaN
2022.13442922374,418.82,NaN,NaN
2022.13445395738,418.84,NaN,NaN
2022.13453006088,418.86,NaN,NaN
2022.13454528158,418.89,NaN,NaN
2022.13456811263,418.89,NaN,NaN
2022.13464421613,418.85,NaN,NaN
2022.13465943683,418.89,NaN,NaN
2022.1346803653,418.9,NaN,NaN
2022.13475456621,418.83,NaN,NaN
2022.13481164384,418.69,NaN,NaN
2022.13485159817,418.62,NaN,NaN
2022.13489155251,418.63,NaN,NaN
2022.13492199391,418.53,NaN,NaN
2022.13496385084,418.58,NaN,NaN
2022.13500570776,418.6,NaN,NaN
2022.13503614916,418.66,NaN,NaN
2022.13508181126,418.66,NaN,NaN
2022.13511986301,418.93,NaN,NaN
2022.13515030441,419.52,NaN,NaN
2022.13519406393,418.98,NaN,NaN
2022.13524923896,418.91,NaN,NaN
2022.13532914764,418.78,NaN,NaN
2022.13534436834,418.64,NaN,NaN
2022.1353652968,418.53,NaN,NaN
2022.13544330289,418.18,NaN,NaN
2022.135456621,418.19,NaN,NaN
2022.13548135464,418.03,NaN,NaN
2022.13555745814,417.98,NaN,NaN
2022.13557267884,417.93,NaN,NaN
2022.13559550989,417.91,NaN,NaN
2022.13567161339,418.17,NaN,NaN
2022.13568683409,418.05,NaN,NaN
2022.13570776256,418.13,NaN,NaN
2022.13578196347,418.12,NaN,NaN
2022.1358390411,417.89,NaN,NaN
2022.13587899543,417.75,NaN,NaN
2022.13591894977,417.67,NaN,NaN
2022.13594939117,417.47,NaN,NaN
2022.13599505327,417.45,NaN,NaN
2022.13603310502,417.42,NaN,NaN
2022.13606354642,417.45,NaN,NaN
2022.13610920852,417.61,NaN,NaN
2022.13614726027,417.84,NaN,NaN
2022.13617770167,417.96,NaN,NaN
2022.13622146119,417.93,NaN,NaN
2022.13626141553,417.83,NaN,NaN
2022.13629185693,417.79,NaN,NaN
2022.13633751903,417.74,NaN,NaN
2022.13637747336,418.08,NaN,NaN
2022.13640601218,418.1,NaN,NaN
2022.13645167428,418.15,NaN,NaN
2022.13649162861,417.94,NaN,NaN
2022.13652016743,417.85,NaN,NaN
2022.13656773212,418.24,NaN,NaN
2022.13660578387,418.28,NaN,NaN
2022.13663432268,418.24,NaN,NaN
2022.13668188737,418.26,NaN,NaN
2022.13671993912,418.27,NaN,NaN
2022.13674847793,418.25,NaN,NaN
2022.13679414003,418.26,NaN,NaN
2022.13683409437,418.28,NaN,NaN
2022.13686263318,418.25,NaN,NaN
2022.13691019787,418.28,NaN,NaN
2022.13696347032,418.29,NaN,NaN
2022.137043379,418.3,NaN,NaN
2022.13704718417,418.3,NaN,NaN
2022.13708143075,418.31,NaN,NaN
2022.13715753425,418.26,NaN,NaN
2022.13716133942,418.28,NaN,NaN
2022.137195586,418.27,NaN,NaN
2022.1372716895,418.31,NaN,NaN
2022.13727549467,418.33,NaN,NaN
2022.13730783866,418.39,NaN,NaN
2022.13738584475,418.45,NaN,NaN
2022.13738964992,418.49,NaN,NaN
2022.1374238965,418.47,NaN,NaN
2022.13749429224,418.53,NaN,NaN
2022.13755327245,418.64,NaN,NaN
2022.13759512938,418.7,NaN,NaN
2022.13763318113,418.75,NaN,NaN
2022.13766171994,418.78,NaN,NaN
2022.13770928463,418.84,NaN,NaN
2022.13774733638,418.91,NaN,NaN
2022.13777587519,418.79,NaN,NaN
2022.13782153729,418.78,NaN,NaN
2022.13786149163,418.85,NaN,NaN
2022.13789003044,418.78,NaN,NaN
2022.13793759513,418.87,NaN,NaN
2022.13799086758,418.94,NaN,NaN
2022.13807077626,418.75,NaN,NaN
2022.13807458143,418.82,NaN,NaN
2022.13810882801,418.68,NaN,NaN
2022.13818493151,418.76,NaN,NaN
2022.13818873668,418.8,NaN,NaN
2022.13822298326,418.78,NaN,NaN
2022.13829908676,418.78,NaN,NaN
2022.13830289193,418.78,NaN,NaN
2022.13833523592,418.8,NaN,NaN
2022.13841324201,418.33,NaN,NaN
2022.13841704718,418.31,NaN,NaN
2022.13845129376,418.19,NaN,NaN
2022.1385216895,417.81,NaN,NaN
2022.13858066971,417.2,NaN,NaN
2022.13862252664,417.48,NaN,NaN
2022.13866057839,417.9,NaN,NaN
2022.1386891172,417.81,NaN,NaN
2022.13873668189,417.88,NaN,NaN
2022.13877473364,417.89,NaN,NaN
2022.13880327245,417.83,NaN,NaN
2022.13884893455,417.85,NaN,NaN
2022.13888888889,417.9,NaN,NaN
2022.1389174277,417.93,NaN,NaN
2022.13896689498,418.05,NaN,NaN
2022.13900494673,418.12,NaN,NaN
2022.13903158295,418.11,NaN,NaN
2022.13907914764,418.19,NaN,NaN
2022.13912100457,418.08,NaN,NaN
2022.1391457382,417.83,NaN,NaN
2022.13919710807,417.8,NaN,NaN
2022.13923515982,417.63,NaN,NaN
2022.13925989346,417.63,NaN,NaN
2022.13930936073,417.6,NaN,NaN
2022.13934931507,417.44,NaN,NaN
2022.13937404871,417.37,NaN,NaN
2022.13942541857,417.24,NaN,NaN
2022.13946347032,417.87,NaN,NaN
2022.13948820396,418.1,NaN,NaN
2022.13953957382,418.6,NaN,NaN
2022.13957762557,418.61,NaN,NaN
2022.13960235921,418.53,NaN,NaN
2022.13965182648,418.21,NaN,NaN
2022.13970509893,418.54,NaN,NaN
2022.13976978691,418.28,NaN,NaN
2022.1397869102,418.22,NaN,NaN
2022.13982305936,418.16,NaN,NaN
2022.13988394216,418.1,NaN,NaN
2022.13990106545,418.08,NaN,NaN
2022.1399391172,418.12,NaN,NaN
2022.13999809741,418.05,NaN,NaN
2022.1400152207,418.04,NaN,NaN
2022.14005327245,418.09,NaN,NaN
2022.14011225266,418.06,NaN,NaN
2022.14012937595,418.02,NaN,NaN
2022.14016552511,418.1,NaN,NaN
2022.14023592085,418.16,NaN,NaN
2022.14029490107,418.22,NaN,NaN
2022.14033675799,418.29,NaN,NaN
2022.14037671233,418.3,NaN,NaN
2022.14040144597,418.31,NaN,NaN
2022.14045281583,418.43,NaN,NaN
2022.14049086758,418.51,NaN,NaN
2022.14051560122,418.53,NaN,NaN
2022.14056697108,418.47,NaN,NaN
2022.14060502283,418.47,NaN,NaN
2022.14062975647,418.47,NaN,NaN
2022.14067922374,418.52,NaN,NaN
2022.14073249619,418.48,NaN,NaN
2022.14079718417,418.56,NaN,NaN
2022.14081430746,418.55,NaN,NaN
2022.14085045662,418.56,NaN,NaN
2022.14091133942,418.54,NaN,NaN
2022.14092846271,418.51,NaN,NaN
2022.14096651446,418.58,NaN,NaN
2022.14102549467,418.46,NaN,NaN
2022.14104261796,418.41,NaN,NaN
2022.14108066971,418.31,NaN,NaN
2022.14113964992,418.26,NaN,NaN
2022.14115677321,418.2,NaN,NaN
2022.14119292237,417.66,NaN,NaN
2022.14126331811,417.11,NaN,NaN
2022.14132039574,416.78,NaN,NaN
2022.14136415525,416.89,NaN,NaN
2022.14140410959,416.39,NaN,NaN
2022.14142884323,416.42,NaN,NaN
2022.14148021309,416.37,NaN,NaN
2022.14151826484,416.43,NaN,NaN
2022.14154299848,416.34,NaN,NaN
2022.14159436834,416.24,NaN,NaN
2022.14163242009,416.56,NaN,NaN
2022.14165715373,416.38,NaN,NaN
2022.141706621,418.47,NaN,NaN
2022.14174657534,418.46,NaN,NaN
2022.14177130898,418.58,NaN,NaN
2022.14182458143,418.66,NaN,NaN
2022.14186263318,418.73,NaN,NaN
2022.14188546423,418.71,NaN,NaN
2022.14194063927,418.76,NaN,NaN
2022.14197869102,418.76,NaN,NaN
2022.14199961948,418.75,NaN,NaN
2022.14205479452,418.87,NaN,NaN
2022.14209284627,418.87,NaN,NaN
2022.14211377473,418.88,NaN,NaN
2022.14216894977,418.86,NaN,NaN
2022.14220700152,418.88,NaN,NaN
2022.14222792998,418.87,NaN,NaN
2022.14228310502,418.92,NaN,NaN
2022.14232115677,418.81,NaN,NaN
2022.14234208524,418.71,NaN,NaN
2022.14239726027,418.87,NaN,NaN
2022.14244482496,419.02,NaN,NaN
2022.14249238965,419.01,NaN,NaN
2022.1425304414,419.15,NaN,NaN
2022.14256849315,419.1,NaN,NaN
2022.1426065449,418.87,NaN,NaN
2022.14264269406,419.1,NaN,NaN
2022.1426826484,419.2,NaN,NaN
2022.14272070015,419.06,NaN,NaN
2022.1427587519,419.12,NaN,NaN
2022.14279680365,419.13,NaN,NaN
2022.1428348554,419.21,NaN,NaN
2022.14287290715,419.35,NaN,NaN
2022.1429109589,419.29,NaN,NaN
2022.14297754947,419.6,NaN,NaN
2022.14308219178,419.94,NaN,NaN
2022.14312024353,419.67,NaN,NaN
2022.14314117199,419.57,NaN,NaN
2022.14320015221,419.54,NaN,NaN
2022.14323439878,418.96,NaN,NaN
2022.14325532725,418.74,NaN,NaN
2022.14331050228,418.72,NaN,NaN
2022.14334855403,418.81,NaN,NaN
2022.1433694825,418.71,NaN,NaN
2022.14342465753,419.35,NaN,NaN
2022.14347222222,419.52,NaN,NaN
2022.14351978691,419.86,NaN,NaN
2022.14355783866,419.83,NaN,NaN
2022.14359589041,419.86,NaN,NaN
2022.14363394216,419.63,NaN,NaN
2022.14367009132,419.38,NaN,NaN
2022.14371004566,419.18,NaN,NaN
2022.14374809741,418.89,NaN,NaN
2022.14378614916,419.03,NaN,NaN
2022.14382420091,418.93,NaN,NaN
2022.14386225266,418.84,NaN,NaN
2022.14390030441,418.68,NaN,NaN
2022.14393835616,418.81,NaN,NaN
2022.14400494673,418.7,NaN,NaN
2022.14410958904,419.87,NaN,NaN
2022.14414764079,418.58,NaN,NaN
2022.14416856925,418.05,NaN,NaN
2022.14422374429,419.7,NaN,NaN
2022.14426179604,419.85,NaN,NaN
2022.14428272451,419.95,NaN,NaN
2022.14433789954,420.1,NaN,NaN
2022.14437595129,420.14,NaN,NaN
2022.14439687976,420.12,NaN,NaN
2022.14445205479,420.11,NaN,NaN
2022.14449010654,420.11,NaN,NaN
2022.14451103501,420.12,NaN,NaN
2022.14456621005,420.15,NaN,NaN
2022.14460616438,420.15,NaN,NaN
2022.14462519026,420.13,NaN,NaN
2022.14468226788,420.13,NaN,NaN
2022.14472031963,420.09,NaN,NaN
2022.14473934551,420.03,NaN,NaN
2022.14479642314,420.02,NaN,NaN
2022.14483447489,420.03,NaN,NaN
2022.14485350076,419.99,NaN,NaN
2022.14491057839,420.02,NaN,NaN
2022.14494863014,420.04,NaN,NaN
2022.14496765601,419.99,NaN,NaN
2022.14502473364,420,NaN,NaN
2022.14506278539,420.02,NaN,NaN
2022.14508181126,419.97,NaN,NaN
2022.14513888889,419.97,NaN,NaN
2022.14518455099,420.02,NaN,NaN
2022.14523401826,420.11,NaN,NaN
2022.14527016743,420.13,NaN,NaN
2022.14531012177,420.14,NaN,NaN
2022.14534817352,420.18,NaN,NaN
2022.14538622527,420.15,NaN,NaN
2022.14542427702,420.07,NaN,NaN
2022.14546232877,420,NaN,NaN
2022.14550038052,419.99,NaN,NaN
2022.14553843227,419.94,NaN,NaN
2022.14557648402,419.95,NaN,NaN
2022.14561263318,419.95,NaN,NaN
2022.14565258752,420.01,NaN,NaN
2022.14571917808,420.04,NaN,NaN
2022.1458238204,420.02,NaN,NaN
2022.14586187215,420,NaN,NaN
2022.14588089802,419.98,NaN,NaN
2022.14593797565,420.01,NaN,NaN
2022.1459760274,419.96,NaN,NaN
2022.14599505327,419.92,NaN,NaN
2022.1460521309,420.03,NaN,NaN
2022.14609018265,420.02,NaN,NaN
2022.14610920852,420.01,NaN,NaN
2022.14616628615,420.22,NaN,NaN
2022.14621194825,420.18,NaN,NaN
2022.14626141553,420.1,NaN,NaN
2022.14629756469,420.18,NaN,NaN
2022.14633751903,420.15,NaN,NaN
2022.14637557078,420.12,NaN,NaN
2022.14641362253,420.06,NaN,NaN
2022.14645167428,420.11,NaN,NaN
2022.14648972603,420.07,NaN,NaN
2022.14652777778,420.03,NaN,NaN
2022.14656582953,420.01,NaN,NaN
2022.14660388128,420,NaN,NaN
2022.14664003044,419.95,NaN,NaN
2022.14667998478,420.11,NaN,NaN
2022.14674657534,420.15,NaN,NaN
2022.14685121766,420.01,NaN,NaN
2022.14688926941,420.06,NaN,NaN
2022.14690829528,420.02,NaN,NaN
2022.14696727549,420.22,NaN,NaN
2022.14700342466,420.23,NaN,NaN
2022.14702245053,420.18,NaN,NaN
2022.14708143075,420.22,NaN,NaN
2022.14711757991,420.14,NaN,NaN
2022.14712709285,420.15,NaN,NaN
2022.14719368341,420.24,NaN,NaN
2022.14723363775,420.26,NaN,NaN
2022.14723934551,420.24,NaN,NaN
2022.14730974125,420.25,NaN,NaN
2022.14734969559,420.25,NaN,NaN
2022.14735540335,420.19,NaN,NaN
2022.14742579909,420.29,NaN,NaN
2022.14746385084,420.35,NaN,NaN
2022.14746385084,420.46,NaN,NaN
2022.14753995434,420.29,NaN,NaN
2022.1475761035,420.23,NaN,NaN
2022.14757800609,420.26,NaN,NaN
2022.14765410959,420.26,NaN,NaN
2022.14769025875,420.23,NaN,NaN
2022.14769216134,420.28,NaN,NaN
2022.14776826484,420.25,NaN,NaN
2022.147804414,420.31,NaN,NaN
2022.14780631659,420.32,NaN,NaN
2022.14785197869,420.36,NaN,NaN
2022.14788242009,420.38,NaN,NaN
2022.14792047184,420.42,NaN,NaN
2022.14801750381,420.34,NaN,NaN
2022.14805175038,420.31,NaN,NaN
2022.14809170472,420.8,NaN,NaN
2022.14812785388,420.83,NaN,NaN
2022.14816400304,420.8,NaN,NaN
2022.14820585997,420.86,NaN,NaN
2022.14824391172,421.03,NaN,NaN
2022.1482781583,421.02,NaN,NaN
2022.14832001522,421.04,NaN,NaN
2022.14835806697,421.12,NaN,NaN
2022.14839231355,421.12,NaN,NaN
2022.14843417047,420.75,NaN,NaN
2022.1485673516,420.68,NaN,NaN
2022.14860350076,420.86,NaN,NaN
2022.14860540335,420.92,NaN,NaN
2022.14868150685,421.11,NaN,NaN
2022.14871765601,421.02,NaN,NaN
2022.1487195586,421.07,NaN,NaN
2022.1487956621,421.19,NaN,NaN
2022.14883181126,421.03,NaN,NaN
2022.14883371385,421.08,NaN,NaN
2022.14887937595,421,NaN,NaN
2022.14890981735,420.94,NaN,NaN
2022.1489478691,421.07,NaN,NaN
2022.14904490107,420.6,NaN,NaN
2022.14907914764,420.5,NaN,NaN
2022.14911910198,419.95,NaN,NaN
2022.14915525114,419.73,NaN,NaN
2022.1491914003,419.36,NaN,NaN
2022.14923325723,419.17,NaN,NaN
2022.14927130898,419,NaN,NaN
2022.14930555556,418.72,NaN,NaN
2022.14934741248,418.67,NaN,NaN
2022.14938546423,418.57,NaN,NaN
2022.14941971081,418.61,NaN,NaN
2022.14946156773,418.49,NaN,NaN
2022.14959474886,418.47,NaN,NaN
2022.14963089802,418.33,NaN,NaN
2022.14963280061,418.3,NaN,NaN
2022.14970890411,418.48,NaN,NaN
2022.14974505327,418.46,NaN,NaN
2022.14974695586,418.44,NaN,NaN
2022.14982305936,418.58,NaN,NaN
2022.14985920852,418.6,NaN,NaN
2022.14986111111,418.69,NaN,NaN
2022.14993721461,418.74,NaN,NaN
2022.14997336377,419.02,NaN,NaN
2022.14997526636,418.97,NaN,NaN
2022.15005327245,419.57,NaN,NaN
2022.15008751903,419.51,NaN,NaN
2022.1500913242,419.59,NaN,NaN
2022.1501674277,418.84,NaN,NaN
2022.15019216134,419.71,NaN,NaN
2022.15020357686,419.83,NaN,NaN
2022.15028158295,419.96,NaN,NaN
2022.15030631659,419.96,NaN,NaN
2022.1503196347,420.03,NaN,NaN
2022.1503957382,420.14,NaN,NaN
2022.15042047184,420.06,NaN,NaN
2022.15043378995,420.06,NaN,NaN
2022.15050989346,420.07,NaN,NaN
2022.15053462709,420.11,NaN,NaN
2022.15054604262,420.19,NaN,NaN
2022.15059170472,420.16,NaN,NaN
2022.15062404871,420.13,NaN,NaN
2022.15066971081,420.14,NaN,NaN
2022.15071537291,420.15,NaN,NaN
2022.15075722983,420.14,NaN,NaN
2022.150793379,420.18,NaN,NaN
2022.15083333333,420.27,NaN,NaN
2022.15087138508,420.23,NaN,NaN
2022.15090372907,420.26,NaN,NaN
2022.15094748858,420.3,NaN,NaN
2022.15098554033,420.3,NaN,NaN
2022.15101788432,420.32,NaN,NaN
2022.15105974125,420.36,NaN,NaN
2022.15109969559,420.31,NaN,NaN
2022.15113203957,420.27,NaN,NaN
2022.1512043379,420.12,NaN,NaN
2022.15130898021,420.06,NaN,NaN
2022.15133371385,419.98,NaN,NaN
2022.15134703196,420.02,NaN,NaN
2022.15142313546,419.91,NaN,NaN
2022.1514478691,419.81,NaN,NaN
2022.15146118721,419.9,NaN,NaN
2022.15153729072,419.61,NaN,NaN
2022.15156202435,419.56,NaN,NaN
2022.15157343988,419.65,NaN,NaN
2022.15161910198,419.6,NaN,NaN
2022.15165144597,419.62,NaN,NaN
2022.15169710807,419.78,NaN,NaN
2022.15174277017,419.75,NaN,NaN
2022.15178462709,419.8,NaN,NaN
2022.15182077626,419.94,NaN,NaN
2022.15186073059,420.06,NaN,NaN
2022.15189878234,420.04,NaN,NaN
2022.15193112633,420.15,NaN,NaN
2022.15197488584,420.04,NaN,NaN
2022.1520129376,420.03,NaN,NaN
2022.15204528158,419.89,NaN,NaN
2022.15208713851,419.88,NaN,NaN
2022.15212709285,419.62,NaN,NaN
2022.15215943683,419.7,NaN,NaN
2022.15223173516,419.44,NaN,NaN
2022.15233828006,419.39,NaN,NaN
2022.15236111111,419.28,NaN,NaN
2022.15237633181,419.25,NaN,NaN
2022.15245243531,419.23,NaN,NaN
2022.15246765601,419.15,NaN,NaN
2022.15248858447,419.01,NaN,NaN
2022.15256659056,419.17,NaN,NaN
2022.15257990868,419.24,NaN,NaN
2022.15260464231,419.25,NaN,NaN
2022.15268074581,419.31,NaN,NaN
2022.15269596651,419.46,NaN,NaN
2022.15271879756,419.58,NaN,NaN
2022.15279490107,419.28,NaN,NaN
2022.15281012177,419.05,NaN,NaN
2022.1528348554,419.06,NaN,NaN
2022.1529109589,418.82,NaN,NaN
2022.15292047184,418.61,NaN,NaN
2022.15294901065,418.6,NaN,NaN
2022.15302511416,418.41,NaN,NaN
2022.15302891933,418.51,NaN,NaN
2022.15306126332,418.5,NaN,NaN
2022.15313926941,418.6,NaN,NaN
2022.15314307458,418.61,NaN,NaN
2022.15317732116,418.6,NaN,NaN
2022.15325342466,418.78,NaN,NaN
2022.15325722983,418.71,NaN,NaN
2022.15329147641,418.87,NaN,NaN
2022.15333333333,418.89,NaN,NaN
2022.15336757991,418.96,NaN,NaN
2022.15341133942,419.03,NaN,NaN
2022.15345700152,418.91,NaN,NaN
2022.15350076104,418.91,NaN,NaN
2022.15353500761,418.76,NaN,NaN
2022.15357496195,418.72,NaN,NaN
2022.15361491629,418.67,NaN,NaN
2022.1536434551,418.66,NaN,NaN
2022.15369101979,418.71,NaN,NaN
2022.15372907154,418.67,NaN,NaN
2022.15375761035,418.72,NaN,NaN
2022.15380517504,418.8,NaN,NaN
2022.15384322679,418.89,NaN,NaN
2022.1538717656,418.91,NaN,NaN
2022.1539478691,419.07,NaN,NaN
2022.15405251142,419.21,NaN,NaN
2022.15405631659,419.13,NaN,NaN
2022.15408866058,419.2,NaN,NaN
2022.15416666667,419.12,NaN,NaN
2022.15417047184,419.07,NaN,NaN
2022.15420471842,419.15,NaN,NaN
2022.15428462709,419.08,NaN,NaN
2022.15428652968,419.09,NaN,NaN
2022.15431887367,419.1,NaN,NaN
2022.15436073059,419.11,NaN,NaN
2022.15439497717,419.09,NaN,NaN
2022.15443873668,419.08,NaN,NaN
2022.15448439878,419.08,NaN,NaN
2022.1545281583,419.07,NaN,NaN
2022.15456240487,419.1,NaN,NaN
2022.15460235921,419.14,NaN,NaN
2022.15464231355,419.11,NaN,NaN
2022.15467085236,419.09,NaN,NaN
2022.15471841705,419.05,NaN,NaN
2022.1547564688,419.01,NaN,NaN
2022.15478500761,419,NaN,NaN
2022.1548325723,418.91,NaN,NaN
2022.15487062405,418.88,NaN,NaN
2022.15489916286,418.94,NaN,NaN
2022.15497526636,418.8,NaN,NaN
2022.15507990868,418.75,NaN,NaN
2022.15508371385,418.81,NaN,NaN
2022.15511605784,418.78,NaN,NaN
2022.15519406393,418.8,NaN,NaN
2022.1551978691,418.78,NaN,NaN
2022.15523211568,418.85,NaN,NaN
2022.15530821918,418.94,NaN,NaN
2022.15531202435,418.96,NaN,NaN
2022.15534627093,419.09,NaN,NaN
2022.15542237443,419.15,NaN,NaN
2022.1554261796,419.11,NaN,NaN
2022.15545852359,419.09,NaN,NaN
2022.15553462709,419.07,NaN,NaN
2022.15553652968,419.06,NaN,NaN
2022.15557648402,419.05,NaN,NaN
2022.15563736682,419.04,NaN,NaN
2022.15565449011,419.08,NaN,NaN
2022.15569254186,419.06,NaN,NaN
2022.15575152207,418.92,NaN,NaN
2022.15576864536,418.97,NaN,NaN
2022.15580669711,418.9,NaN,NaN
2022.15586567732,418.86,NaN,NaN
2022.15588280061,418.91,NaN,NaN
2022.15591894977,418.94,NaN,NaN
2022.15597983257,418.96,NaN,NaN
2022.15599695586,419.01,NaN,NaN
2022.15603500761,419.31,NaN,NaN
2022.15607496195,419.45,NaN,NaN
2022.15611111111,419.61,NaN,NaN
2022.15615296804,419.72,NaN,NaN
2022.15619672755,419.84,NaN,NaN
2022.15624429224,419.74,NaN,NaN
2022.15627663623,419.62,NaN,NaN
2022.15632039574,419.73,NaN,NaN
2022.15635844749,419.43,NaN,NaN
2022.15638318113,419.63,NaN,NaN
2022.1564326484,419.58,NaN,NaN
2022.15647260274,419.46,NaN,NaN
2022.15649733638,419.33,NaN,NaN
2022.15654870624,419.43,NaN,NaN
2022.15658675799,419.32,NaN,NaN
2022.15661149163,419.32,NaN,NaN
2022.15668949772,419.38,NaN,NaN
2022.15677891933,419.36,NaN,NaN
2022.15679604262,420.24,NaN,NaN
2022.15683409437,419.69,NaN,NaN
2022.15689307458,419.74,NaN,NaN
2022.15691400304,420.02,NaN,NaN
2022.15694634703,419.8,NaN,NaN
2022.15700722983,419.94,NaN,NaN
2022.15702435312,419.68,NaN,NaN
2022.15706240487,419.75,NaN,NaN
2022.15710235921,419.67,NaN,NaN
2022.15713850837,419.46,NaN,NaN
2022.1571803653,419.16,NaN,NaN
2022.15722412481,419.12,NaN,NaN
2022.1572716895,419.07,NaN,NaN
2022.15730403349,419.11,NaN,NaN
2022.157347793,419.05,NaN,NaN
2022.15738584475,419.06,NaN,NaN
2022.15741057839,419.12,NaN,NaN
2022.15746004566,419.13,NaN,NaN
2022.1575,418.88,NaN,NaN
2022.15752473364,418.39,NaN,NaN
2022.1575761035,418.37,NaN,NaN
2022.15761415525,418.32,NaN,NaN
2022.15763888889,418.59,NaN,NaN
2022.15771689498,418.15,NaN,NaN
2022.15780631659,417.57,NaN,NaN
2022.15782343988,417.51,NaN,NaN
2022.15786149163,417.79,NaN,NaN
2022.15792047184,418.53,NaN,NaN
2022.15793759513,418.84,NaN,NaN
2022.15797374429,418.81,NaN,NaN
2022.15803462709,418.81,NaN,NaN
2022.15805175038,418.9,NaN,NaN
2022.15808980213,418.89,NaN,NaN
2022.15814878234,418.84,NaN,NaN
2022.15816590563,418.92,NaN,NaN
2022.15820395738,418.88,NaN,NaN
2022.1582629376,418.84,NaN,NaN
2022.15828006088,418.84,NaN,NaN
2022.15832001522,418.97,NaN,NaN
2022.1583694825,419.07,NaN,NaN
2022.15839611872,419.31,NaN,NaN
2022.15843417047,419.38,NaN,NaN
2022.15848173516,419.34,NaN,NaN
2022.15850837139,419.35,NaN,NaN
2022.15854832572,419.31,NaN,NaN
2022.158597793,419.2,NaN,NaN
2022.15862442922,419.16,NaN,NaN
2022.15866248097,419.02,NaN,NaN
2022.15871194825,418.92,NaN,NaN
2022.15873858447,419.02,NaN,NaN
2022.15877663623,419.04,NaN,NaN
2022.15881659056,418.94,NaN,NaN
2022.15885083714,418.85,NaN,NaN
2022.15889269406,419.12,NaN,NaN
2022.15893645358,418.95,NaN,NaN
2022.15898592085,419.01,NaN,NaN
2022.15901636225,419.06,NaN,NaN
2022.15906202435,419.15,NaN,NaN
2022.1591000761,419.21,NaN,NaN
2022.15912290715,419.21,NaN,NaN
2022.1591761796,419.19,NaN,NaN
2022.15921423135,419.2,NaN,NaN
2022.1592370624,419.2,NaN,NaN
2022.15929033486,419.3,NaN,NaN
2022.15932838661,419.15,NaN,NaN
2022.15935121766,419.15,NaN,NaN
2022.15943302892,419,NaN,NaN
2022.15950913242,418.9,NaN,NaN
2022.15953576865,418.75,NaN,NaN
2022.15957572298,418.88,NaN,NaN
2022.15962519026,418.78,NaN,NaN
2022.1596499239,418.77,NaN,NaN
2022.15968987823,418.76,NaN,NaN
2022.15973934551,418.78,NaN,NaN
2022.15976598174,418.59,NaN,NaN
2022.15980403349,418.44,NaN,NaN
2022.15984398782,418.63,NaN,NaN
2022.1598782344,418.77,NaN,NaN
2022.15992009132,419.27,NaN,NaN
2022.15996385084,419.23,NaN,NaN
2022.16001331811,419.09,NaN,NaN
2022.16004375951,419.07,NaN,NaN
2022.16008942161,418.92,NaN,NaN
2022.16012747336,418.98,NaN,NaN
2022.16015030441,419.11,NaN,NaN
2022.16020357686,419.15,NaN,NaN
2022.16024162861,419.14,NaN,NaN
2022.16026445967,419.13,NaN,NaN
2022.16031773212,419.06,NaN,NaN
2022.16035578387,419.02,NaN,NaN
2022.16037861492,419,NaN,NaN
2022.16046042618,418.96,NaN,NaN
2022.16167998478,419.32,NaN,NaN
2022.16172754947,419.27,NaN,NaN
2022.16180365297,419.31,NaN,NaN
2022.16184170472,419.3,NaN,NaN
2022.16186263318,419.31,NaN,NaN
2022.16191780822,419.31,NaN,NaN
2022.16195585997,419.32,NaN,NaN
2022.16197678843,419.33,NaN,NaN
2022.16203196347,419.33,NaN,NaN
2022.16207001522,419.38,NaN,NaN
2022.16209094368,419.37,NaN,NaN
2022.16217465753,419.46,NaN,NaN
2022.1622412481,419.48,NaN,NaN
2022.16227929985,419.52,NaN,NaN
2022.1623173516,419.44,NaN,NaN
2022.16235540335,419.48,NaN,NaN
2022.16239155251,419.5,NaN,NaN
2022.16243150685,419.48,NaN,NaN
2022.1624695586,419.44,NaN,NaN
2022.16250570776,419.34,NaN,NaN
2022.1625456621,419.33,NaN,NaN
2022.16258371385,419.52,NaN,NaN
2022.1626217656,419.39,NaN,NaN
2022.16266171994,419.36,NaN,NaN
2022.16270738204,419.11,NaN,NaN
2022.16275494673,418.88,NaN,NaN
2022.16283105023,418.78,NaN,NaN
2022.16286910198,418.86,NaN,NaN
2022.16289003044,418.83,NaN,NaN
2022.16294520548,418.83,NaN,NaN
2022.16298325723,418.82,NaN,NaN
2022.16300418569,418.85,NaN,NaN
2022.16305936073,418.86,NaN,NaN
2022.16309741248,418.75,NaN,NaN
2022.16311834094,418.65,NaN,NaN
2022.16320205479,418.54,NaN,NaN
2022.16326864536,418.55,NaN,NaN
2022.16330669711,418.47,NaN,NaN
2022.16334474886,418.44,NaN,NaN
2022.16338280061,418.34,NaN,NaN
2022.16342085236,418.48,NaN,NaN
2022.16345890411,418.53,NaN,NaN
2022.16349695586,418.77,NaN,NaN
2022.16353310502,418.82,NaN,NaN
2022.16357305936,419.05,NaN,NaN
2022.16361111111,418.82,NaN,NaN
2022.16364916286,418.84,NaN,NaN
2022.16368721461,418.62,NaN,NaN
2022.16372526636,418.54,NaN,NaN
2022.16376331811,418.69,NaN,NaN
2022.16380136986,418.92,NaN,NaN
2022.1638413242,418.89,NaN,NaN
2022.16387937595,418.81,NaN,NaN
2022.1639174277,418.78,NaN,NaN
2022.16395547945,418.75,NaN,NaN
2022.1639935312,418.78,NaN,NaN
2022.16403158295,418.73,NaN,NaN
2022.1640696347,418.68,NaN,NaN
2022.16410578387,418.91,NaN,NaN
2022.1641457382,419.1,NaN,NaN
2022.16418378995,419.03,NaN,NaN
2022.1642218417,418.98,NaN,NaN
2022.16425989346,419,NaN,NaN
2022.16429794521,418.97,NaN,NaN
2022.16433599696,419.04,NaN,NaN
2022.16437404871,418.99,NaN,NaN
2022.16441971081,418.91,NaN,NaN
2022.16446917808,418.75,NaN,NaN
2022.16454528158,418.88,NaN,NaN
2022.16458333333,418.91,NaN,NaN
2022.16460235921,418.81,NaN,NaN
2022.16465943683,418.63,NaN,NaN
2022.16469748858,418.6,NaN,NaN
2022.16471651446,418.63,NaN,NaN
2022.16477359209,418.58,NaN,NaN
2022.16481164384,418.5,NaN,NaN
2022.16483066971,418.48,NaN,NaN
2022.16491628615,418.47,NaN,NaN
2022.16498287671,418.41,NaN,NaN
2022.16502092846,418.43,NaN,NaN
2022.16505898021,418.51,NaN,NaN
2022.16509703196,418.54,NaN,NaN
2022.16513318113,418.58,NaN,NaN
2022.16517313546,418.86,NaN,NaN
2022.16521118721,418.72,NaN,NaN
2022.16524923897,418.8,NaN,NaN
2022.16528729072,418.93,NaN,NaN
2022.16532534247,418.99,NaN,NaN
2022.16536339422,419.04,NaN,NaN
2022.16540144597,419.01,NaN,NaN
2022.16544710807,418.98,NaN,NaN
2022.16549657534,419.02,NaN,NaN
2022.16557267884,419.17,NaN,NaN
2022.16561073059,419.23,NaN,NaN
2022.16562975647,419.26,NaN,NaN
2022.16568683409,419.22,NaN,NaN
2022.16572488584,419.06,NaN,NaN
2022.16574391172,418.97,NaN,NaN
2022.16580098935,418.31,NaN,NaN
2022.1658390411,418.13,NaN,NaN
2022.16585806697,418.15,NaN,NaN
2022.16594368341,418.23,NaN,NaN
2022.16601027397,418.21,NaN,NaN
2022.16604832572,418.29,NaN,NaN
2022.16608637747,418.32,NaN,NaN
2022.16612442922,418.31,NaN,NaN
2022.16616057839,418.3,NaN,NaN
2022.16620053272,418.36,NaN,NaN
2022.16624048706,418.42,NaN,NaN
2022.16627853881,418.39,NaN,NaN
2022.16631468798,418.47,NaN,NaN
2022.16635464231,418.62,NaN,NaN
2022.16639079148,418.77,NaN,NaN
2022.16642884323,418.78,NaN,NaN
2022.16646879756,418.77,NaN,NaN
2022.16650684932,418.68,NaN,NaN
2022.16654299848,418.61,NaN,NaN
2022.1665848554,418.57,NaN,NaN
2022.16662100457,418.61,NaN,NaN
2022.16665715373,418.69,NaN,NaN
2022.16669901065,418.71,NaN,NaN
2022.1667370624,418.9,NaN,NaN
2022.16677130898,418.97,NaN,NaN
2022.16681316591,419,NaN,NaN
2022.16685121766,419.03,NaN,NaN
2022.16688546423,418.94,NaN,NaN
2022.16692732116,418.86,NaN,NaN
2022.16696347032,418.84,NaN,NaN
2022.16699961948,418.84,NaN,NaN
2022.16704147641,418.78,NaN,NaN
2022.16707952816,418.88,NaN,NaN
2022.16711377473,418.81,NaN,NaN
2022.16721461187,418.84,NaN,NaN
2022.16728881279,418.9,NaN,NaN
2022.16732496195,418.61,NaN,NaN
2022.16732686454,418.77,NaN,NaN
2022.16740296804,418.42,NaN,NaN
2022.1674391172,418.44,NaN,NaN
2022.16744101979,418.43,NaN,NaN
2022.16751712329,418.47,NaN,NaN
2022.16755327245,418.57,NaN,NaN
2022.16755517504,418.51,NaN,NaN
2022.16760083714,418.78,NaN,NaN
2022.16763127854,418.85,NaN,NaN
2022.1677283105,418.66,NaN,NaN
2022.16776445967,418.66,NaN,NaN
2022.16780060883,418.73,NaN,NaN
2022.16783866058,418.78,NaN,NaN
2022.16787861492,418.78,NaN,NaN
2022.16791286149,418.81,NaN,NaN
2022.16795471842,418.75,NaN,NaN
2022.16799086758,418.77,NaN,NaN
2022.16802701674,418.83,NaN,NaN
2022.16806887367,418.77,NaN,NaN
2022.16810692542,418.82,NaN,NaN
2022.16814117199,418.9,NaN,NaN
2022.16824200913,418.94,NaN,NaN
2022.16831621005,418.92,NaN,NaN
2022.16835235921,418.81,NaN,NaN
2022.1683542618,419.01,NaN,NaN
2022.1684303653,418.72,NaN,NaN
2022.16846651446,418.68,NaN,NaN
2022.16846841705,418.54,NaN,NaN
2022.16854452055,418.64,NaN,NaN
2022.16858066971,418.56,NaN,NaN
2022.1685825723,418.64,NaN,NaN
2022.1686282344,418.64,NaN,NaN
2022.1686586758,418.56,NaN,NaN
2022.16875570776,418.45,NaN,NaN
2022.16879185693,418.17,NaN,NaN
2022.16882800609,418.41,NaN,NaN
2022.16886796043,418.31,NaN,NaN
2022.16890601218,418.32,NaN,NaN
2022.16894025875,418.34,NaN,NaN
2022.16898211568,418.42,NaN,NaN
2022.16901826484,418.53,NaN,NaN
2022.169054414,418.59,NaN,NaN
2022.16909817352,418.58,NaN,NaN
2022.16913432268,418.64,NaN,NaN
2022.16916856925,418.68,NaN,NaN
2022.16921042618,418.7,NaN,NaN
2022.16925038052,418.78,NaN,NaN
2022.16928272451,418.82,NaN,NaN
2022.16932458143,418.71,NaN,NaN
2022.16936453577,418.52,NaN,NaN
2022.16939687976,418.51,NaN,NaN
2022.16944063927,418.59,NaN,NaN
2022.16947869102,418.73,NaN,NaN
2022.16951103501,418.69,NaN,NaN
2022.16955289193,418.62,NaN,NaN
2022.16959284627,418.49,NaN,NaN
2022.16962519026,418.48,NaN,NaN
2022.16966894977,418.56,NaN,NaN
2022.16970700152,418.51,NaN,NaN
2022.16973934551,418.52,NaN,NaN
2022.16978310502,418.51,NaN,NaN
2022.16982115677,418.51,NaN,NaN
2022.16985350076,418.48,NaN,NaN
2022.16990106545,418.44,NaN,NaN
2022.1699543379,418.47,NaN,NaN
2022.1700304414,418.42,NaN,NaN
2022.17005517504,418.38,NaN,NaN
2022.17006659056,418.36,NaN,NaN
2022.17014459665,418.33,NaN,NaN
2022.17016933029,418.43,NaN,NaN
2022.1701826484,418.41,NaN,NaN
2022.1702587519,418.58,NaN,NaN
2022.17028348554,418.59,NaN,NaN
2022.17029680365,418.6,NaN,NaN
2022.17034056317,418.62,NaN,NaN
2022.17039954338,418.62,NaN,NaN
2022.17046803653,418.6,NaN,NaN
2022.17050608828,418.63,NaN,NaN
2022.17053843227,418.6,NaN,NaN
2022.17058028919,418.58,NaN,NaN
2022.17062024353,418.59,NaN,NaN
2022.17065258752,418.59,NaN,NaN
2022.17069634703,418.52,NaN,NaN
2022.17073439878,418.54,NaN,NaN
2022.17076674277,418.54,NaN,NaN
2022.17081050228,418.5,NaN,NaN
2022.17084855403,418.54,NaN,NaN
2022.17088089802,418.55,NaN,NaN
2022.17092846271,418.62,NaN,NaN
2022.17098173516,418.59,NaN,NaN
2022.17105783866,418.72,NaN,NaN
2022.1710825723,418.64,NaN,NaN
2022.17109398782,418.63,NaN,NaN
2022.17117199391,418.66,NaN,NaN
2022.17119672755,418.6,NaN,NaN
2022.17121004566,418.63,NaN,NaN
2022.17128614916,418.48,NaN,NaN
2022.1713108828,418.8,NaN,NaN
2022.17132420091,418.69,NaN,NaN
2022.17136796043,418.86,NaN,NaN
2022.17142694064,418.75,NaN,NaN
2022.17149543379,418.74,NaN,NaN
2022.17153538813,418.88,NaN,NaN
2022.17156582953,418.89,NaN,NaN
2022.17160768645,419,NaN,NaN
2022.17164954338,418.98,NaN,NaN
2022.17167808219,419.03,NaN,NaN
2022.17172374429,419.2,NaN,NaN
2022.17176369863,419.42,NaN,NaN
2022.17179414003,419.19,NaN,NaN
2022.17183789954,418.97,NaN,NaN
2022.17187785388,418.94,NaN,NaN
2022.17190829528,418.92,NaN,NaN
2022.17195395738,418.72,NaN,NaN
2022.17199200913,418.9,NaN,NaN
2022.17202245053,418.91,NaN,NaN
2022.17206811263,418.77,NaN,NaN
2022.17210806697,418.75,NaN,NaN
2022.17213660578,418.81,NaN,NaN
2022.17218417047,418.73,NaN,NaN
2022.17222222222,418.78,NaN,NaN
2022.17225076104,418.64,NaN,NaN
2022.17229832572,418.7,NaN,NaN
2022.17233637747,418.87,NaN,NaN
2022.17236491629,418.98,NaN,NaN
2022.17241057839,419.41,NaN,NaN
2022.17245053272,419.4,NaN,NaN
2022.17247907154,419.4,NaN,NaN
2022.17252663623,419.37,NaN,NaN
2022.17256468798,419.13,NaN,NaN
2022.17259322679,419.07,NaN,NaN
2022.17264459665,418.92,NaN,NaN
2022.1726978691,418.73,NaN,NaN
2022.1727739726,418.95,NaN,NaN
2022.17277777778,418.84,NaN,NaN
2022.17281202435,418.91,NaN,NaN
2022.17288812785,418.88,NaN,NaN
2022.17289193303,418.51,NaN,NaN
2022.17292427702,417.95,NaN,NaN
2022.17300228311,418.05,NaN,NaN
2022.17300608828,418.16,NaN,NaN
2022.17304033486,418.24,NaN,NaN
2022.17308219178,418.27,NaN,NaN
2022.17314117199,418.1,NaN,NaN
2022.17321156773,418.18,NaN,NaN
2022.17324961948,418.24,NaN,NaN
2022.1732781583,418.41,NaN,NaN
2022.17332572298,418.71,NaN,NaN
2022.17336377473,418.78,NaN,NaN
2022.17339231355,419.03,NaN,NaN
2022.17343797565,419.21,NaN,NaN
2022.1734760274,419.14,NaN,NaN
2022.1735064688,419.13,NaN,NaN
2022.17355403349,419.05,NaN,NaN
2022.17359208524,418.96,NaN,NaN
2022.17362062405,418.94,NaN,NaN
2022.17367199391,418.84,NaN,NaN
2022.17372526636,418.81,NaN,NaN
2022.17380136986,418.88,NaN,NaN
2022.17380517504,418.96,NaN,NaN
2022.17383942161,418.99,NaN,NaN
2022.17391552511,419.08,NaN,NaN
2022.17391933029,419.05,NaN,NaN
2022.17395167428,418.94,NaN,NaN
2022.17402968037,418.73,NaN,NaN
2022.17403348554,418.72,NaN,NaN
2022.17406773212,418.68,NaN,NaN
2022.17410958904,418.83,NaN,NaN
2022.17416666667,418.63,NaN,NaN
2022.17423896499,418.16,NaN,NaN
2022.17427701674,418.35,NaN,NaN
2022.17430555556,418.25,NaN,NaN
2022.17435312024,418.46,NaN,NaN
2022.17439117199,418.44,NaN,NaN
2022.17441971081,418.23,NaN,NaN
2022.17446537291,417.99,NaN,NaN
2022.17450532725,418,NaN,NaN
2022.17453386606,418.1,NaN,NaN
2022.17458143075,418.22,NaN,NaN
2022.1746194825,418.04,NaN,NaN
2022.17464802131,417.99,NaN,NaN
2022.174695586,417.86,NaN,NaN
2022.17473363775,417.83,NaN,NaN
2022.17476217656,417.87,NaN,NaN
2022.17481164384,417.94,NaN,NaN
2022.17484969559,417.91,NaN,NaN
2022.17487633181,417.94,NaN,NaN
2022.17492579909,417.89,NaN,NaN
2022.17496385084,417.77,NaN,NaN
2022.17499048706,417.72,NaN,NaN
2022.17503805175,417.64,NaN,NaN
2022.17507800609,417.73,NaN,NaN
2022.17510464231,417.78,NaN,NaN
2022.17515410959,417.57,NaN,NaN
2022.17519216134,417.55,NaN,NaN
2022.17521879756,417.47,NaN,NaN
2022.17526826484,417.75,NaN,NaN
2022.17530631659,418,NaN,NaN
2022.17533295282,417.96,NaN,NaN
2022.17538432268,417.87,NaN,NaN
2022.17543949772,418.02,NaN,NaN
2022.17550989346,418.24,NaN,NaN
2022.17551560122,418.73,NaN,NaN
2022.17555175038,418.7,NaN,NaN
2022.17562404871,418.63,NaN,NaN
2022.17562975647,418.72,NaN,NaN
2022.17566780822,418.42,NaN,NaN
2022.17573820396,417.86,NaN,NaN
2022.17574391172,418.25,NaN,NaN
2022.17578196347,418.59,NaN,NaN
2022.1758238204,418.47,NaN,NaN
2022.17588089802,417.76,NaN,NaN
2022.17595319635,417.63,NaN,NaN
2022.1759912481,417.6,NaN,NaN
2022.17601788432,417.55,NaN,NaN
2022.17606544901,417.43,NaN,NaN
2022.17610540335,417.47,NaN,NaN
2022.17613203957,417.38,NaN,NaN
2022.17618150685,417.14,NaN,NaN
2022.1762195586,417.17,NaN,NaN
2022.17624619482,417.26,NaN,NaN
2022.1762956621,418.21,NaN,NaN
2022.17633371385,418.32,NaN,NaN
2022.17636035008,418.48,NaN,NaN
2022.17641171994,418.67,NaN,NaN
2022.17646689498,418.58,NaN,NaN
2022.17653729072,418.71,NaN,NaN
2022.17654299848,418.75,NaN,NaN
2022.17657914764,418.65,NaN,NaN
2022.17665144597,418.69,NaN,NaN
2022.17665715373,418.7,NaN,NaN
2022.17669520548,418.65,NaN,NaN
2022.17676560122,418.65,NaN,NaN
2022.17677130898,418.64,NaN,NaN
2022.17680936073,418.48,NaN,NaN
2022.17685121766,418.46,NaN,NaN
2022.17690829528,418.46,NaN,NaN
2022.17698059361,418.67,NaN,NaN
2022.17701864536,418.65,NaN,NaN
2022.17704528158,418.28,NaN,NaN
2022.17709284627,418.44,NaN,NaN
2022.17713280061,418.57,NaN,NaN
2022.17715943683,418.1,NaN,NaN
2022.17720890411,418.31,NaN,NaN
2022.17724695586,418.17,NaN,NaN
2022.17727359209,418.22,NaN,NaN
2022.17732305936,418.18,NaN,NaN
2022.1773630137,418.15,NaN,NaN
2022.17738774734,418.14,NaN,NaN
2022.1774391172,418.11,NaN,NaN
2022.17747716895,418.12,NaN,NaN
2022.17750190259,418.1,NaN,NaN
2022.17755517504,418,NaN,NaN
2022.1775913242,418.03,NaN,NaN
2022.17761605784,417.97,NaN,NaN
2022.17766933029,417.98,NaN,NaN
2022.17770738204,417.96,NaN,NaN
2022.17773021309,417.9,NaN,NaN
2022.17778348554,417.24,NaN,NaN
2022.17782153729,417.62,NaN,NaN
2022.17784436834,418.1,NaN,NaN
2022.17789764079,417.83,NaN,NaN
2022.17793569254,417.81,NaN,NaN
2022.17795852359,417.75,NaN,NaN
2022.17801179604,417.75,NaN,NaN
2022.17804984779,417.77,NaN,NaN
2022.17807267884,417.75,NaN,NaN
2022.17812595129,417.72,NaN,NaN
2022.17818302892,417.7,NaN,NaN
2022.17823249619,417.74,NaN,NaN
2022.17825913242,417.74,NaN,NaN
2022.17829718417,417.7,NaN,NaN
2022.17834474886,417.7,NaN,NaN
2022.17837138508,417.67,NaN,NaN
2022.17841133942,417.66,NaN,NaN
2022.1784608067,417.63,NaN,NaN
2022.17848744292,417.64,NaN,NaN
2022.17852549467,417.63,NaN,NaN
2022.17856544901,417.67,NaN,NaN
2022.17862252664,417.64,NaN,NaN
2022.17869672755,417.63,NaN,NaN
2022.1787347793,417.66,NaN,NaN
2022.17875761035,417.68,NaN,NaN
2022.1788108828,417.7,NaN,NaN
2022.17884893455,417.67,NaN,NaN
2022.1788717656,417.66,NaN,NaN
2022.17892503805,417.69,NaN,NaN
2022.1789630898,417.65,NaN,NaN
2022.17898592085,417.64,NaN,NaN
2022.1790391933,417.67,NaN,NaN
2022.17907724505,417.6,NaN,NaN
2022.1791000761,417.76,NaN,NaN
2022.17915334855,417.98,NaN,NaN
2022.17921042618,418.26,NaN,NaN
2022.17925989346,418.22,NaN,NaN
2022.17928652968,418.49,NaN,NaN
2022.17932458143,418.47,NaN,NaN
2022.17937214612,418.07,NaN,NaN
2022.17939878234,418.46,NaN,NaN
2022.17943873668,418.49,NaN,NaN
2022.17948820396,418.51,NaN,NaN
2022.17951484018,418.57,NaN,NaN
2022.17955289193,418.57,NaN,NaN
2022.17959284627,418.7,NaN,NaN
2022.1796499239,418.78,NaN,NaN
2022.17972412481,418.95,NaN,NaN
2022.17976217656,418.73,NaN,NaN
2022.17978500761,418.78,NaN,NaN
2022.17983828006,418.89,NaN,NaN
2022.17987633181,418.88,NaN,NaN
2022.17989916286,419.05,NaN,NaN
2022.17995243531,418.73,NaN,NaN
2022.17999048706,418.74,NaN,NaN
2022.18001331811,418.85,NaN,NaN
2022.18006659056,418.86,NaN,NaN
2022.18010464231,418.81,NaN,NaN
2022.18012747336,418.81,NaN,NaN
2022.18018074581,417.71,NaN,NaN
2022.18021879756,417.75,NaN,NaN
2022.18024162862,417.75,NaN,NaN
2022.18029870624,417.67,NaN,NaN
2022.18033675799,417.69,NaN,NaN
2022.18035578387,417.71,NaN,NaN
2022.1804109589,418.01,NaN,NaN
2022.18045091324,418.11,NaN,NaN
2022.18046993912,418.1,NaN,NaN
2022.18052701674,417.83,NaN,NaN
2022.18056506849,417.9,NaN,NaN
2022.18058409437,417.94,NaN,NaN
2022.18064117199,417.77,NaN,NaN
2022.18067922374,417.77,NaN,NaN
2022.18069824962,417.78,NaN,NaN
2022.18075532725,417.76,NaN,NaN
2022.180793379,417.83,NaN,NaN
2022.18081240487,417.89,NaN,NaN
2022.18086757991,417.98,NaN,NaN
2022.18092656012,417.89,NaN,NaN
2022.18096461187,417.83,NaN,NaN
2022.18100266362,417.85,NaN,NaN
2022.18104071537,417.93,NaN,NaN
2022.18107876712,418.07,NaN,NaN
2022.18111681887,418.12,NaN,NaN
2022.18115487062,418.07,NaN,NaN
2022.18119292237,418.06,NaN,NaN
2022.18122907154,417.87,NaN,NaN
2022.18126902588,417.95,NaN,NaN
2022.18130707763,418,NaN,NaN
2022.18136415525,417.81,NaN,NaN
2022.18144025875,417.74,NaN,NaN
2022.1814783105,417.8,NaN,NaN
2022.18149733638,417.84,NaN,NaN
